g MaskMesh
v -3.164801 -0.7440304 -0.5275549
v -2.875578 -0.05062151 0.6706502
v -2.959589 -0.1568563 -0.1728767
v -3.030649 -0.5130312 -1.184038
v -3.032265 -0.5900785 0.3016112
v -2.615592 -0.3816968 1.986307
v -3.129753 -0.9649129 -1.33366
v -3.094608 -0.7746053 -1.576689
v -3.160236 -1.27009 -0.608876
v -2.752076 -0.8689343 1.617494
v -2.422218 -0.8456929 2.669445
v -3.080926 -1.217925 0.07948834
v -2.528557 -1.300433 2.284408
v -2.795086 -1.437259 1.26919
v -2.320803 -1.503086 2.567609
v -2.227835 -1.059934 2.953246
v -1.918094 -1.315955 3.242356
v -3.224612 -1.741879 -0.7550951
v -3.041543 -1.445047 -1.211728
v -3.248168 -1.758379 -0.2196275
v -2.573386 -1.749336 1.853163
v -2.339631 -1.909811 2.146312
v -2.002244 -1.749972 2.851347
v -2.993727 -1.93716 0.9474896
v -3.213103 -1.752741 -0.427525
v -1.723046 -1.904231 3.024974
v -1.644938 -1.474454 3.419484
v -1.178547 -1.606352 3.555555
v -1.25204 -2.032699 3.168238
v -0.5973643 -1.895514 3.688306
v -1.768193 -2.202276 2.570734
v -2.059877 -2.071669 2.385208
v -2.418722 -2.278274 1.811446
v -2.696882 -2.147268 1.486926
v -0.6665931 -2.280774 3.288908
v 0 -1.940625 3.696227
v -1.352013 -2.304138 2.729915
v -1.797202 -2.49103 2.14863
v -2.134066 -2.393808 2.021732
v -2.992939 -1.868596 0.707764
v -3.049126 -2.015134 -0.5050867
v -2.38849 -2.101558 1.629904
v -2.664084 -2.006096 1.300396
v -2.855283 -2.17304 0.4964612
v -3.123418 -1.779322 -0.8590405
v -2.95131 -1.807153 -1.251195
v -2.972465 -1.486458 -1.49744
v -2.763256 -1.39575 -2.101036
v -2.647808 -1.496632 -2.656336
v -2.777711 -0.9302725 -2.295132
v -2.554972 -1.570605 -3.017491
v -2.656784 -1.049919 -3.115213
v -2.450333 -1.092856 -3.467578
v -2.521924 -1.65525 -2.541638
v -2.572432 -1.706728 -1.92886
v -2.842564 -1.872201 -1.530347
v -2.142704 -1.782484 -2.399073
v -2.808598 -1.880736 -1.347614
v -2.292696 -1.831509 -2.914596
v -1.62152 -1.879755 -2.757962
v -2.418736 -1.750509 -2.926065
v -2.368584 -1.699097 -3.435272
v -2.592741 -2.002716 -1.428766
v -2.518284 -1.864798 -1.862043
v -2.939549 -1.994548 -0.8611216
v -2.196164 -1.85631 -3.328048
v -2.054693 -1.694648 -3.67086
v -1.993708 -1.062241 -3.813205
v -2.266089 -1.797431 -3.389457
v -1.857899 -1.780974 -3.591722
v -1.546333 -1.73341 -4.049201
v -1.539499 -1.289832 -4.335174
v -1.253197 -1.886186 -4.005091
v -1.051799 -2.081925 -3.132571
v -1.011315 -1.939566 -4.456792
v -0.8124992 -1.464784 -4.937281
v -0.7483896 -2.154961 -4.154659
v -0.6528871 -2.410764 -3.215904
v -0.6764348 -2.161449 -4.618161
v -0.5568072 -1.725633 -5.090925
v -0.3760197 -2.342313 -4.196473
v -0.3489748 -2.551775 -3.257671
v 0 -2.365689 -4.190243
v 0 -2.576355 -3.250777
v 0.3489748 -2.551775 -3.257671
v -0.3847078 -2.277653 -4.672625
v -0.287889 -1.798218 -5.180193
v 0 -2.303192 -4.695758
v 0 -1.79937 -5.178902
v 0.287889 -1.798218 -5.180193
v 0.3847078 -2.277653 -4.672625
v 0.5568072 -1.725633 -5.090925
v 0.3760197 -2.342313 -4.196473
v 0.6528871 -2.410764 -3.215904
v 0.6764348 -2.161449 -4.618161
v 0.8124992 -1.464784 -4.937281
v 0.7483896 -2.154961 -4.154659
v 1.051799 -2.081925 -3.132571
v 1.011315 -1.939566 -4.456792
v 1.539499 -1.289832 -4.335174
v 1.253197 -1.886186 -4.005091
v 1.62152 -1.879755 -2.757962
v 1.546333 -1.73341 -4.049201
v 1.993708 -1.062241 -3.813205
v 1.857899 -1.780974 -3.591722
v 2.054693 -1.694648 -3.67086
v 2.450333 -1.092856 -3.467578
v 2.196164 -1.85631 -3.328048
v 2.266089 -1.797431 -3.389457
v 2.368584 -1.699097 -3.435272
v 2.292696 -1.831509 -2.914596
v 2.142704 -1.782484 -2.399073
v 2.418736 -1.750509 -2.926065
v 2.554972 -1.570605 -3.017491
v 2.656784 -1.049919 -3.115213
v 2.777711 -0.9302725 -2.295132
v 2.521924 -1.65525 -2.541638
v 2.572432 -1.706728 -1.92886
v 2.647808 -1.496632 -2.656336
v 3.094608 -0.7746053 -1.576689
v 2.763256 -1.39575 -2.101036
v 2.972465 -1.486458 -1.49744
v 2.842564 -1.872201 -1.530347
v 3.129753 -0.9649129 -1.33366
v 3.030649 -0.5130312 -1.184038
v 3.164801 -0.7440304 -0.5275549
v 2.959589 -0.1568563 -0.1728767
v 2.875578 -0.05062151 0.6706502
v 3.032265 -0.5900785 0.3016112
v 2.615592 -0.3816968 1.986307
v 3.160236 -1.27009 -0.608876
v 3.041543 -1.445047 -1.211728
v 2.752076 -0.8689343 1.617494
v 2.422218 -0.8456929 2.669445
v 2.95131 -1.807153 -1.251195
v 3.080926 -1.217925 0.07948834
v 3.224612 -1.741879 -0.7550951
v 2.528557 -1.300433 2.284408
v 2.795086 -1.437259 1.26919
v 3.248168 -1.758379 -0.2196275
v 2.320803 -1.503086 2.567609
v 2.227835 -1.059934 2.953246
v 1.918094 -1.315955 3.242356
v 2.808598 -1.880736 -1.347614
v 3.123418 -1.779322 -0.8590405
v 3.213103 -1.752741 -0.427525
v 3.049126 -2.015134 -0.5050867
v 2.993727 -1.93716 0.9474896
v 2.573386 -1.749336 1.853163
v 2.339631 -1.909811 2.146312
v 2.002244 -1.749972 2.851347
v 2.592741 -2.002716 -1.428766
v 2.518284 -1.864798 -1.862043
v 2.939549 -1.994548 -0.8611216
v 2.081933 -1.99489 -1.768062
v 2.020843 -1.948765 -2.263152
v 2.5418 -2.089337 -1.073861
v 1.237151 -2.379596 -1.885657
v 1.336672 -2.317484 -2.445832
v 1.723046 -1.904231 3.024974
v 1.644938 -1.474454 3.419484
v 1.178547 -1.606352 3.555555
v 1.25204 -2.032699 3.168238
v 0.5973643 -1.895514 3.688306
v 1.768193 -2.202276 2.570734
v 0.6665931 -2.280774 3.288908
v 1.607099 -2.161063 -1.435821
v 0.6881427 -2.758105 -2.01344
v 0.681023 -2.501887 -2.629063
v 2.059877 -2.071669 2.385208
v 1.352013 -2.304138 2.729915
v 0 -2.321923 3.323873
v 0.9129329 -2.471492 -1.632579
v 0.534798 -2.913368 -1.930729
v 0.3949505 -2.719505 -2.67775
v 1.797202 -2.49103 2.14863
v 0.8035702 -2.476596 2.797867
v -0.8035702 -2.476596 2.797867
v 0.4710698 -2.997294 -1.605117
v 0 -2.764902 -1.853945
v 0 -2.729381 -2.675957
v -0.3949505 -2.719505 -2.67775
v 0 -3.077982 -1.544544
v 0 -3.018547 -1.0835
v -0.534798 -2.913368 -1.930729
v -0.681023 -2.501887 -2.629063
v 0.5439558 -2.879276 -1.237252
v -0.4710698 -2.997294 -1.605117
v -0.6881427 -2.758105 -2.01344
v -1.336672 -2.317484 -2.445832
v -1.237151 -2.379596 -1.885657
v -2.020843 -1.948765 -2.263152
v -0.9129329 -2.471492 -1.632579
v -2.081933 -1.99489 -1.768062
v -1.607099 -2.161063 -1.435821
v -2.5418 -2.089337 -1.073861
v -0.5439558 -2.879276 -1.237252
v -0.9906313 -2.387959 -1.029283
v -1.704153 -2.268097 -0.8140203
v -2.734251 -2.222772 -0.7368844
v -1.17442 -2.416814 -0.6427305
v -1.759595 -2.381751 -0.5326069
v -2.677754 -2.284758 -0.622298
v -0.6910622 -2.718942 -0.8232515
v -2.975181 -2.154459 -0.3153863
v -1.208351 -2.247616 -0.4743319
v -1.710158 -2.270013 -0.4026101
v -0.7955202 -2.49711 -0.7099341
v -2.499703 -2.198266 -0.6357421
v -1.34098 -2.313282 -0.3266967
v -0.9947766 -2.331655 -0.2893382
v -1.777393 -2.277593 -0.3777693
v -0.9420033 -2.409955 0.04821971
v -2.266918 -2.105002 -0.3686729
v -0.7203749 -2.554421 -0.0005827248
v -1.077251 -2.371499 0.4733568
v -2.853798 -2.12336 -0.2972181
v -2.530584 -2.063048 -0.1393989
v -0.6158698 -2.739691 -0.01431781
v -0.9256138 -2.444131 0.6782263
v -1.356803 -2.337363 0.7275117
v -2.781639 -2.228044 0.3717666
v -2.643546 -2.170692 0.3478203
v -2.502845 -2.167244 0.2436331
v -0.4124538 -2.760117 -0.1255562
v -1.36015 -2.320714 0.905669
v -1.621811 -2.315231 0.8385373
v -0.8458899 -2.606952 0.7782012
v -0.6806233 -2.691513 1.145653
v -2.509784 -2.196863 1.02603
v -2.428385 -2.231452 0.6053618
v -2.346726 -2.22333 0.5254862
v -2.118697 -2.256404 0.737779
v -2.546469 -2.284533 0.7038019
v -1.340317 -2.465845 1.073579
v -2.234839 -2.271909 1.345137
v -2.118873 -2.277132 0.8618761
v -2.250113 -2.334828 0.9726246
v -2.072833 -2.222805 1.868365
v -1.966739 -2.295764 0.9462059
v -1.898952 -2.279757 0.8368888
v -2.020222 -2.38494 1.102689
v -1.944203 -2.353437 1.56412
v -1.604758 -2.329307 0.9731899
v -1.662377 -2.42592 1.152596
v -1.726325 -2.305258 1.946733
v -1.608881 -2.429357 1.622936
v -1.240715 -2.506157 1.540511
v -1.416081 -2.568247 2.165307
v -1.351842 -2.373926 1.849149
v -0.8571049 -2.711725 2.065619
v -0.8166348 -2.634886 1.639266
v 0 -2.518257 2.780165
v 0 -2.819836 2.101045
v 0.8571049 -2.711725 2.065619
v 0 -2.884623 1.759052
v 1.416081 -2.568247 2.165307
v 0.8166348 -2.634886 1.639266
v 0.6806233 -2.691513 1.145653
v 0 -2.947681 1.461485
v 0 -2.8004 -0.03909686
v 0.4124538 -2.760117 -0.1255562
v 1.351842 -2.373926 1.849149
v 1.726325 -2.305258 1.946733
v 1.240715 -2.506157 1.540511
v 2.134066 -2.393808 2.021732
v 1.608881 -2.429357 1.622936
v 2.418722 -2.278274 1.811446
v 2.072833 -2.222805 1.868365
v 2.38849 -2.101558 1.629904
v 2.696882 -2.147268 1.486926
v 2.992939 -1.868596 0.707764
v 2.664084 -2.006096 1.300396
v 2.234839 -2.271909 1.345137
v 1.944203 -2.353437 1.56412
v 2.855283 -2.17304 0.4964612
v 2.509784 -2.196863 1.02603
v 1.662377 -2.42592 1.152596
v 2.250113 -2.334828 0.9726246
v 1.340317 -2.465845 1.073579
v 2.020222 -2.38494 1.102689
v 0.8458899 -2.606952 0.7782012
v 1.604758 -2.329307 0.9731899
v 1.36015 -2.320714 0.905669
v 0.6158698 -2.739691 -0.01431781
v 0.9256138 -2.444131 0.6782263
v 2.546469 -2.284533 0.7038019
v 2.118873 -2.277132 0.8618761
v 1.966739 -2.295764 0.9462059
v 1.621811 -2.315231 0.8385373
v 1.356803 -2.337363 0.7275117
v 1.898952 -2.279757 0.8368888
v 2.118697 -2.256404 0.737779
v 1.077251 -2.371499 0.4733568
v 2.428385 -2.231452 0.6053618
v 2.346726 -2.22333 0.5254862
v 2.502845 -2.167244 0.2436331
v 0.7203749 -2.554421 -0.0005827248
v 0.9420033 -2.409955 0.04821971
v 2.643546 -2.170692 0.3478203
v 2.530584 -2.063048 -0.1393989
v 0.7955202 -2.49711 -0.7099341
v 0.9947766 -2.331655 -0.2893382
v 0.6910622 -2.718942 -0.8232515
v 2.781639 -2.228044 0.3717666
v 2.853798 -2.12336 -0.2972181
v 2.266918 -2.105002 -0.3686729
v 2.975181 -2.154459 -0.3153863
v 2.499703 -2.198266 -0.6357421
v 1.777393 -2.277593 -0.3777693
v 0.9906313 -2.387959 -1.029283
v 2.677754 -2.284758 -0.622298
v 1.710158 -2.270013 -0.4026101
v 1.34098 -2.313282 -0.3266967
v 1.17442 -2.416814 -0.6427305
v 1.704153 -2.268097 -0.8140203
v 2.734251 -2.222772 -0.7368844
v 1.759595 -2.381751 -0.5326069
v 1.208351 -2.247616 -0.4743319
v -1.353753 -2.380408 -0.3844012
v -1.34098 -2.313282 -0.3266967
v -0.9947766 -2.331655 -0.2893382
v -1.059952 -2.505181 -0.3251937
v -0.9420033 -2.409955 0.04821971
v -1.778888 -2.320103 -0.3786708
v -1.777393 -2.277593 -0.3777693
v -0.9802141 -2.539363 0.05045176
v -1.077251 -2.371499 0.4733568
v -2.274104 -2.283142 -0.3572835
v -2.266918 -2.105002 -0.3686729
v -1.104651 -2.488212 0.4777296
v -1.356803 -2.337363 0.7275117
v -2.539763 -2.250004 -0.1332561
v -2.530584 -2.063048 -0.1393989
v -1.366911 -2.410704 0.7316634
v -1.621811 -2.315231 0.8385373
v -2.505404 -2.258952 0.2389839
v -2.502845 -2.167244 0.2436331
v -1.624781 -2.371803 0.8369361
v -1.898952 -2.279757 0.8368888
v -2.34762 -2.281001 0.5194916
v -2.346726 -2.22333 0.5254862
v -2.119941 -2.311661 0.7301129
v -2.118697 -2.256404 0.737779
v -1.902039 -2.339676 0.8292449
v -2.422301 -2.28622 0.5878788
v -2.633348 -2.259696 0.3289209
v -1.965994 -2.350032 0.9194174
v -2.114994 -2.32837 0.8402997
v -2.843998 -2.222066 -0.2835987
v -2.548579 -2.388735 0.6847648
v -2.507707 -2.294002 -0.5623717
v -2.794644 -2.335724 0.3629803
v -1.71283 -2.312073 -0.3970155
v -3.00096 -2.249509 -0.313888
v -1.226461 -2.331785 -0.4521275
v -2.685928 -2.374199 -0.6107498
v -3.132205 -2.118901 -0.5225016
v -2.910665 -2.259167 0.5163571
v -2.571586 -2.349179 1.066396
v -1.766625 -2.460055 -0.4845038
v -0.8498738 -2.611905 -0.644349
v -2.757761 -2.307025 -0.7533909
v -1.185316 -2.509767 -0.5804818
v -0.7798973 -2.640824 -0.003666192
v -2.25079 -2.446073 0.9422972
v -1.722696 -2.435017 -0.8161292
v -0.7555836 -2.840272 -0.7938877
v -0.9706107 -2.530444 0.6489354
v -2.024987 -2.485934 1.06757
v -1.066186 -2.598065 -1.009356
v -0.6746827 -2.826895 -0.01577768
v -1.3752 -2.387549 0.8785724
v -1.609612 -2.379988 0.9484687
v -0.8925658 -2.692218 0.7499896
v -0.6325458 -3.076679 -1.215318
v -1.368644 -2.559858 1.023008
v -0.7429239 -2.921062 1.134839
v -0.4569671 -2.897571 -0.1124498
v 0 -3.295784 -1.036242
v -1.674261 -2.531825 1.106016
v -1.278374 -2.671077 1.546195
v -1.977045 -2.505543 1.596068
v 0 -2.982596 -0.02658415
v -1.628799 -2.590756 1.654018
v -2.281624 -2.425626 1.380402
v -2.088829 -2.347038 1.8383
v -2.687921 -2.122956 1.291972
v -2.405288 -2.231456 1.607422
v -3.032731 -1.981121 0.7109389
v -2.740765 -2.254907 1.483502
v -1.387242 -2.538845 1.832111
v -1.749907 -2.449484 1.913999
v -2.1651 -2.516542 2.008895
v -2.454982 -2.403446 1.801933
v -0.8670031 -2.843324 1.633222
v -3.056369 -2.031996 0.9500256
v -3.267278 -1.840603 -0.4354221
v -2.730907 -1.845123 1.962173
v -1.465191 -2.750503 2.14178
v -1.833524 -2.633457 2.12887
v -2.15736 -2.227684 2.496817
v -0.8969675 -2.923706 2.059828
v -2.469936 -2.046918 2.266121
v -3.04527 -1.506395 1.386708
v -3.314013 -1.833103 -0.220796
v -2.693171 -1.355967 2.399397
v -1.429594 -2.547194 2.8484
v -1.845961 -2.379442 2.674792
v -2.110204 -1.869594 2.985658
v -0.852787 -2.770288 2.908387
v -2.461945 -1.600512 2.702049
v -3.285828 -1.793491 -0.7755551
v -3.349193 -1.250193 0.1341833
v -2.995001 -0.879177 1.733664
v -2.586789 -0.8839353 2.789302
v -3.168679 -1.852235 -0.8797952
v -3.017692 -2.108985 -0.9166577
v -2.585154 -2.287154 -1.108247
v -1.668121 -2.466913 -1.442259
v -1.00432 -2.728635 -1.613551
v -0.5237021 -3.158509 -1.64167
v -2.851468 -1.957631 -1.372844
v -2.648723 -2.146789 -1.471474
v -2.89396 -1.939152 -1.558736
v -3.013906 -1.88851 -1.280967
v -2.142747 -2.225583 -1.803924
v -1.308774 -2.672439 -1.887947
v -2.573897 -2.072558 -1.899829
v -0.7316774 -2.87801 -2.037163
v -2.092972 -2.175696 -2.288544
v -1.417079 -2.604532 -2.481436
v -2.518284 -1.864798 -1.862043
v -2.020843 -1.948765 -2.263152
v -2.842564 -1.872201 -1.530347
v -1.336672 -2.317484 -2.445832
v -2.572432 -1.706728 -1.92886
v -0.738759 -2.702892 -2.678157
v -0.681023 -2.501887 -2.629063
v -0.5665988 -3.034629 -1.971004
v -0.4126456 -2.858744 -2.710753
v -0.3949505 -2.719505 -2.67775
v -2.70068 -1.887375 -1.993981
v -2.142704 -1.782484 -2.399073
v 0 -3.297561 -1.598712
v 0 -2.981114 -1.940436
v 0 -2.871846 -2.701885
v 0 -2.729381 -2.675957
v 0.4126456 -2.858744 -2.710753
v 0.3949505 -2.719505 -2.67775
v 0.5665988 -3.034629 -1.971004
v 0.738759 -2.702892 -2.678157
v 0.681023 -2.501887 -2.629063
v 0.5237021 -3.158509 -1.64167
v 0.7316774 -2.87801 -2.037163
v 1.417079 -2.604532 -2.481436
v 1.336672 -2.317484 -2.445832
v 2.092972 -2.175696 -2.288544
v 2.020843 -1.948765 -2.263152
v 1.308774 -2.672439 -1.887947
v 1.00432 -2.728635 -1.613551
v 0.6325458 -3.076679 -1.215318
v 2.573897 -2.072558 -1.899829
v 2.518284 -1.864798 -1.862043
v 2.89396 -1.939152 -1.558736
v 2.842564 -1.872201 -1.530347
v 2.142747 -2.225583 -1.803924
v 1.668121 -2.466913 -1.442259
v 2.648723 -2.146789 -1.471474
v 0.4569671 -2.897571 -0.1124498
v 0.7429239 -2.921062 1.134839
v 2.70068 -1.887375 -1.993981
v 2.572432 -1.706728 -1.92886
v 1.066186 -2.598065 -1.009356
v 2.585154 -2.287154 -1.108247
v 0 -3.097752 1.468822
v 0 -3.034832 1.76267
v 0 -2.995891 2.113509
v 1.722696 -2.435017 -0.8161292
v 0.8670031 -2.843324 1.633222
v 0 -2.837663 2.881592
v 0.8969675 -2.923706 2.059828
v 0 -2.562012 3.492537
v 0.852787 -2.770288 2.908387
v -0.7142007 -2.520182 3.470887
v -1.343427 -2.239107 3.356752
v -1.810736 -2.043109 3.163838
v -2.027646 -1.415533 3.390004
v -2.36964 -1.138291 3.096878
v 0 -2.143862 3.904292
v -0.6440899 -2.088764 3.897649
v -1.272889 -1.79008 3.775902
v -1.732928 -1.593263 3.575311
v 0.7142007 -2.520182 3.470887
v -1.918094 -1.315955 3.242356
v -2.227835 -1.059934 2.953246
v -1.644938 -1.474454 3.419484
v -1.178547 -1.606352 3.555555
v -0.5973643 -1.895514 3.688306
v 0 -1.940625 3.696227
v -2.422218 -0.8456929 2.669445
v 0.5973643 -1.895514 3.688306
v -2.85611 -0.376665 2.110393
v -2.615592 -0.3816968 1.986307
v 0.6440899 -2.088764 3.897649
v 1.178547 -1.606352 3.555555
v -3.310266 -0.5554214 0.3671013
v -3.147933 0.005514383 0.7555982
v -2.875578 -0.05062151 0.6706502
v 1.272889 -1.79008 3.775902
v 1.644938 -1.474454 3.419484
v 1.343427 -2.239107 3.356752
v -3.363247 -1.302048 -0.6450757
v -3.400915 -0.7141981 -0.5537355
v -3.261674 -0.06241655 -0.1618516
v -2.959589 -0.1568563 -0.1728767
v -3.223763 -0.4561348 -1.231807
v -3.030649 -0.5130312 -1.184038
v 1.732928 -1.593263 3.575311
v 1.918094 -1.315955 3.242356
v -3.153645 -1.481843 -1.257829
v -3.249284 -0.9752502 -1.369617
v -3.213902 -0.7896662 -1.612203
v -3.094608 -0.7746053 -1.576689
v -3.078929 -1.546131 -1.540464
v -2.951053 -1.544483 -2.176749
v -3.034111 -1.056658 -2.386595
v -2.777711 -0.9302725 -2.295132
v -2.73688 -1.587627 -2.685572
v -2.584445 -1.776916 -2.567054
v -2.823431 -1.166227 -3.199055
v -2.656784 -1.049919 -3.115213
v -2.642023 -1.671355 -3.054535
v -2.592989 -1.196398 -3.614127
v -2.450333 -1.092856 -3.467578
v -2.224996 -2.015151 -2.438469
v -1.62152 -1.879755 -2.757962
v -1.720923 -2.238377 -2.812685
v -1.051799 -2.081925 -3.132571
v -2.32305 -1.915053 -2.92851
v -2.454778 -1.830557 -2.939209
v -2.416411 -1.765924 -3.477488
v -2.166379 -1.18922 -4.049659
v -1.993708 -1.062241 -3.813205
v -2.216213 -1.911973 -3.339224
v -2.145794 -1.831654 -3.777425
v -2.28711 -1.8522 -3.402132
v -1.926534 -1.999781 -3.642831
v -1.132509 -2.364418 -3.175
v -0.6528871 -2.410764 -3.215904
v -1.682016 -1.42267 -4.556432
v -1.539499 -1.289832 -4.335174
v -1.673627 -1.948099 -4.213374
v -1.339015 -2.161982 -4.067154
v -0.695612 -2.613855 -3.250103
v -0.3489748 -2.551775 -3.257671
v -0.9055058 -1.584063 -5.110733
v -0.8124992 -1.464784 -4.937281
v -1.112347 -2.130398 -4.600348
v -0.8075081 -2.404851 -4.202168
v -0.3586791 -2.66049 -3.279532
v 0 -2.576355 -3.250777
v -0.5969831 -1.843955 -5.289879
v -0.5568072 -1.725633 -5.090925
v -0.7237201 -2.332517 -4.720299
v -0.3877925 -2.469246 -4.218264
v 0 -2.493508 -4.21186
v 0 -2.685697 -3.272897
v 0.3489748 -2.551775 -3.257671
v -0.3960211 -2.396912 -4.735151
v -0.292321 -1.843955 -5.36407
v -0.287889 -1.798218 -5.180193
v 0.3586791 -2.66049 -3.279532
v 0.6528871 -2.410764 -3.215904
v 0 -2.421174 -4.762197
v 0 -1.843955 -5.36407
v 0 -1.79937 -5.178902
v 0.292321 -1.843955 -5.36407
v 0.287889 -1.798218 -5.180193
v 0.695612 -2.613855 -3.250103
v 1.051799 -2.081925 -3.132571
v 0.3877925 -2.469246 -4.218264
v 0.3960211 -2.396912 -4.735151
v 0.5969831 -1.843955 -5.289879
v 0.5568072 -1.725633 -5.090925
v 1.132509 -2.364418 -3.175
v 1.62152 -1.879755 -2.757962
v 1.720923 -2.238377 -2.812685
v 2.142704 -1.782484 -2.399073
v 0.8075081 -2.404851 -4.202168
v 0.7237201 -2.332517 -4.720299
v 0.9055058 -1.584063 -5.110733
v 0.8124992 -1.464784 -4.937281
v 1.339015 -2.161982 -4.067154
v 1.112347 -2.130398 -4.600348
v 1.682016 -1.42267 -4.556432
v 1.539499 -1.289832 -4.335174
v 1.673627 -1.948099 -4.213374
v 2.166379 -1.18922 -4.049659
v 1.993708 -1.062241 -3.813205
v 1.926534 -1.999781 -3.642831
v 2.145794 -1.831654 -3.777425
v 2.592989 -1.196398 -3.614127
v 2.450333 -1.092856 -3.467578
v 2.823431 -1.166227 -3.199055
v 2.656784 -1.049919 -3.115213
v 3.034111 -1.056658 -2.386595
v 2.777711 -0.9302725 -2.295132
v 2.642023 -1.671355 -3.054535
v 2.416411 -1.765924 -3.477488
v 2.28711 -1.8522 -3.402132
v 3.213902 -0.7896662 -1.612203
v 3.094608 -0.7746053 -1.576689
v 2.216213 -1.911973 -3.339224
v 2.454778 -1.830557 -2.939209
v 2.73688 -1.587627 -2.685572
v 2.32305 -1.915053 -2.92851
v 2.584445 -1.776916 -2.567054
v 2.224996 -2.015151 -2.438469
v 2.951053 -1.544483 -2.176749
v 3.078929 -1.546131 -1.540464
v 3.249284 -0.9752502 -1.369617
v 3.223763 -0.4561348 -1.231807
v 3.030649 -0.5130312 -1.184038
v 3.261674 -0.06241655 -0.1618516
v 2.959589 -0.1568563 -0.1728767
v 3.400915 -0.7141981 -0.5537355
v 3.147933 0.005514383 0.7555982
v 2.875578 -0.05062151 0.6706502
v 2.85611 -0.376665 2.110393
v 2.615592 -0.3816968 1.986307
v 3.310266 -0.5554214 0.3671013
v 3.363247 -1.302048 -0.6450757
v 3.153645 -1.481843 -1.257829
v 2.586789 -0.8839353 2.789302
v 2.422218 -0.8456929 2.669445
v 2.995001 -0.879177 1.733664
v 3.013906 -1.88851 -1.280967
v 3.349193 -1.250193 0.1341833
v 3.285828 -1.793491 -0.7755551
v 2.851468 -1.957631 -1.372844
v 3.168679 -1.852235 -0.8797952
v 3.017692 -2.108985 -0.9166577
v 3.132205 -2.118901 -0.5225016
v 2.757761 -2.307025 -0.7533909
v 3.267278 -1.840603 -0.4354221
v 3.314013 -1.833103 -0.220796
v 3.04527 -1.506395 1.386708
v 3.056369 -2.031996 0.9500256
v 2.693171 -1.355967 2.399397
v 3.032731 -1.981121 0.7109389
v 2.730907 -1.845123 1.962173
v 2.740765 -2.254907 1.483502
v 2.461945 -1.600512 2.702049
v 2.469936 -2.046918 2.266121
v 2.454982 -2.403446 1.801933
v 2.36964 -1.138291 3.096878
v 2.227835 -1.059934 2.953246
v 2.027646 -1.415533 3.390004
v 2.110204 -1.869594 2.985658
v 1.810736 -2.043109 3.163838
v 2.15736 -2.227684 2.496817
v 1.845961 -2.379442 2.674792
v 1.429594 -2.547194 2.8484
v 1.833524 -2.633457 2.12887
v 1.465191 -2.750503 2.14178
v 2.1651 -2.516542 2.008895
v 1.749907 -2.449484 1.913999
v 1.387242 -2.538845 1.832111
v 2.405288 -2.231456 1.607422
v 2.088829 -2.347038 1.8383
v 1.628799 -2.590756 1.654018
v 1.278374 -2.671077 1.546195
v 2.687921 -2.122956 1.291972
v 2.281624 -2.425626 1.380402
v 1.977045 -2.505543 1.596068
v 1.674261 -2.531825 1.106016
v 1.368644 -2.559858 1.023008
v 2.910665 -2.259167 0.5163571
v 2.571586 -2.349179 1.066396
v 2.25079 -2.446073 0.9422972
v 2.024987 -2.485934 1.06757
v 0.8925658 -2.692218 0.7499896
v 1.609612 -2.379988 0.9484687
v 1.3752 -2.387549 0.8785724
v 0.6746827 -2.826895 -0.01577768
v 0.9706107 -2.530444 0.6489354
v 0.7555836 -2.840272 -0.7938877
v 0.7798973 -2.640824 -0.003666192
v 1.185316 -2.509767 -0.5804818
v 0.8498738 -2.611905 -0.644349
v 1.766625 -2.460055 -0.4845038
v 1.226461 -2.331785 -0.4521275
v 2.685928 -2.374199 -0.6107498
v 1.71283 -2.312073 -0.3970155
v 3.00096 -2.249509 -0.313888
v 2.507707 -2.294002 -0.5623717
v 2.794644 -2.335724 0.3629803
v 2.843998 -2.222066 -0.2835987
v 2.548579 -2.388735 0.6847648
v 2.633348 -2.259696 0.3289209
v 2.114994 -2.32837 0.8402997
v 2.422301 -2.28622 0.5878788
v 1.965994 -2.350032 0.9194174
v 2.119941 -2.311661 0.7301129
v 1.624781 -2.371803 0.8369361
v 1.902039 -2.339676 0.8292449
v 1.366911 -2.410704 0.7316634
v 1.104651 -2.488212 0.4777296
v 0.9802141 -2.539363 0.05045176
v 1.059952 -2.505181 -0.3251937
v 1.353753 -2.380408 -0.3844012
v 1.778888 -2.320103 -0.3786708
v 2.274104 -2.283142 -0.3572835
v 2.539763 -2.250004 -0.1332561
v 2.505404 -2.258952 0.2389839
v 2.34762 -2.281001 0.5194916
v 0.9947766 -2.331655 -0.2893382
v 0.9420033 -2.409955 0.04821971
v 1.34098 -2.313282 -0.3266967
v 1.077251 -2.371499 0.4733568
v 1.777393 -2.277593 -0.3777693
v 1.356803 -2.337363 0.7275117
v 2.266918 -2.105002 -0.3686729
v 1.621811 -2.315231 0.8385373
v 2.530584 -2.063048 -0.1393989
v 1.898952 -2.279757 0.8368888
v 2.502845 -2.167244 0.2436331
v 2.118697 -2.256404 0.737779
v 2.346726 -2.22333 0.5254862
vt 0.9503031 0.4489051
vt 0.9872429 0.3182908
vt 0.9836105 0.413543
vt 0.9602153 0.5197055
vt 0.9591152 0.363952
vt 0.9582909 0.1738295
vt 0.9350076 0.5278006
vt 0.942304 0.5562937
vt 0.9247773 0.4532572
vt 0.9362789 0.2287024
vt 0.9202147 0.1084535
vt 0.9281681 0.3881954
vt 0.9041266 0.1686309
vt 0.9115219 0.2758419
vt 0.886552 0.1434849
vt 0.9000059 0.08186252
vt 0.8733151 0.05616196
vt 0.903589 0.4608235
vt 0.9116809 0.5084234
vt 0.9036732 0.4163129
vt 0.8891299 0.2245296
vt 0.8742298 0.1979285
vt 0.8632168 0.1194082
vt 0.8912892 0.3187659
vt 0.9025189 0.433604
vt 0.8454677 0.1044189
vt 0.8532761 0.04031183
vt 0.8247163 0.02296146
vt 0.8195463 0.08755983
vt 0.7853499 0.01982095
vt 0.8410947 0.1597484
vt 0.8574907 0.1765083
vt 0.8650155 0.2406043
vt 0.8776977 0.2694045
vt 0.7850438 0.08319665
vt 0.7498075 0.01982101
vt 0.81977 0.1428167
vt 0.8368117 0.2077115
vt 0.8520151 0.2209708
vt 0.8913478 0.340037
vt 0.8895898 0.4395674
vt 0.8636145 0.2621916
vt 0.8761277 0.2894174
vt 0.8791646 0.3597865
vt 0.8993353 0.4701798
vt 0.8932434 0.5063658
vt 0.9065897 0.5357136
vt 0.9018151 0.6007293
vt 0.8905459 0.6553255
vt 0.9235132 0.6316184
vt 0.8826128 0.6882082
vt 0.9061723 0.7125764
vt 0.894536 0.7494903
vt 0.8811061 0.6417357
vt 0.8838016 0.5786791
vt 0.8879338 0.5313751
vt 0.8615813 0.6257264
vt 0.8861722 0.5158934
vt 0.8663797 0.6748214
vt 0.8363296 0.6597192
vt 0.8730053 0.6769813
vt 0.8702354 0.7198665
vt 0.8753907 0.5242874
vt 0.8766063 0.5674204
vt 0.8869715 0.4705738
vt 0.8610348 0.709127
vt 0.8579737 0.7445864
vt 0.876568 0.7964674
vt 0.8646709 0.7147892
vt 0.8475728 0.7370859
vt 0.8334225 0.784722
vt 0.8442546 0.8348953
vt 0.8171236 0.7772409
vt 0.8079424 0.691575
vt 0.8026125 0.8183697
vt 0.8024611 0.8893172
vt 0.788967 0.784421
vt 0.783685 0.6934035
vt 0.782784 0.8252003
vt 0.7818555 0.8878703
vt 0.769471 0.783755
vt 0.7681162 0.694478
vt 0.7521713 0.7824533
vt 0.7518961 0.6936408
vt 0.7356824 0.6948802
vt 0.7688569 0.8262253
vt 0.7669981 0.8922159
vt 0.7523123 0.8279104
vt 0.7525135 0.8928173
vt 0.7380262 0.8925751
vt 0.7357585 0.8266357
vt 0.723143 0.8885983
vt 0.7348811 0.7841839
vt 0.7201082 0.6941919
vt 0.721826 0.8259561
vt 0.7025479 0.890556
vt 0.7153907 0.7853332
vt 0.6958413 0.6929649
vt 0.7019567 0.8196177
vt 0.6604203 0.8371747
vt 0.6871918 0.7788519
vt 0.6672586 0.6618155
vt 0.6709405 0.7867365
vt 0.627871 0.799551
vt 0.656496 0.739455
vt 0.6461424 0.7472128
vt 0.6096134 0.753023
vt 0.6428618 0.711832
vt 0.639261 0.717584
vt 0.6337284 0.7227989
vt 0.6373045 0.6776617
vt 0.6417982 0.6284514
vt 0.6306929 0.6799855
vt 0.6211556 0.6914498
vt 0.5977491 0.7164004
vt 0.5799075 0.6358787
vt 0.6223742 0.6449437
vt 0.619288 0.5819587
vt 0.6130193 0.6587664
vt 0.5606512 0.5610256
vt 0.6014125 0.6044539
vt 0.5962353 0.5395616
vt 0.6148629 0.5347607
vt 0.5677704 0.5323537
vt 0.5425145 0.5248843
vt 0.5519871 0.4538435
vt 0.5184631 0.41931
vt 0.5142404 0.3241552
vt 0.5426491 0.3691155
vt 0.5422947 0.1789872
vt 0.577538 0.4575624
vt 0.5909753 0.5123996
vt 0.5646452 0.2333101
vt 0.5799627 0.112672
vt 0.6093986 0.509885
vt 0.5737441 0.3925897
vt 0.5987716 0.4646028
vt 0.5964227 0.172446
vt 0.5896927 0.279832
vt 0.5984114 0.4200976
vt 0.6138401 0.146866
vt 0.6000052 0.08558197
vt 0.6265346 0.05922158
vt 0.6165284 0.5192365
vt 0.603083 0.4738528
vt 0.5996729 0.4373586
vt 0.6126379 0.4430011
vt 0.6101897 0.3222511
vt 0.6117647 0.2279685
vt 0.6264988 0.201
vt 0.6370242 0.1222126
vt 0.6273611 0.5273625
vt 0.626413 0.5705225
vt 0.6154482 0.4739402
vt 0.6486053 0.5640752
vt 0.6504455 0.6116852
vt 0.6320721 0.4956246
vt 0.6910017 0.573158
vt 0.6871766 0.6238657
vt 0.6546791 0.1067844
vt 0.6464739 0.04287584
vt 0.6749238 0.02481868
vt 0.680494 0.08928384
vt 0.7142678 0.0207022
vt 0.6593947 0.1620011
vt 0.7149668 0.08406557
vt 0.6713229 0.5338173
vt 0.7206914 0.5812679
vt 0.7178547 0.6400865
vt 0.6431039 0.1791663
vt 0.6806128 0.1445419
vt 0.7499912 0.07908274
vt 0.7047228 0.5488656
vt 0.7296017 0.5726572
vt 0.7340406 0.6397734
vt 0.6639746 0.2098543
vt 0.7096307 0.1387942
vt 0.7907187 0.1377889
vt 0.7329322 0.5458857
vt 0.7515184 0.5717822
vt 0.7517293 0.6398334
vt 0.7694163 0.6393347
vt 0.7514142 0.5381789
vt 0.7513003 0.5014512
vt 0.7734388 0.5721137
vt 0.7856029 0.6392465
vt 0.7276357 0.5150109
vt 0.7699426 0.5454269
vt 0.7824017 0.5805027
vt 0.816178 0.6222662
vt 0.8120389 0.5716572
vt 0.8528307 0.6091759
vt 0.7981684 0.547707
vt 0.8543757 0.561524
vt 0.8314723 0.5318317
vt 0.8704833 0.4926687
vt 0.7750473 0.5144231
vt 0.8029312 0.4962984
vt 0.8340552 0.4753031
vt 0.8741845 0.4602359
vt 0.8092461 0.4620285
vt 0.8355079 0.4493557
vt 0.8706961 0.4509301
vt 0.783591 0.4774732
vt 0.883011 0.4244857
vt 0.8118474 0.4425798
vt 0.8329482 0.433521
vt 0.7927243 0.4608227
vt 0.8641018 0.4436531
vt 0.8164207 0.4295512
vt 0.8027164 0.4277512
vt 0.8355905 0.430176
vt 0.7992973 0.3996084
vt 0.8563997 0.4263142
vt 0.7879505 0.4038042
vt 0.8049697 0.3634997
vt 0.8781564 0.4225944
vt 0.865782 0.410276
vt 0.7786373 0.4052098
vt 0.7979774 0.3460324
vt 0.8165695 0.3420018
vt 0.8754819 0.3695713
vt 0.869674 0.3723961
vt 0.8641676 0.380552
vt 0.7698919 0.4144111
vt 0.8166589 0.3272128
vt 0.8275504 0.3319003
vt 0.7906525 0.3344961
vt 0.7826561 0.3005745
vt 0.8665593 0.3143873
vt 0.8611817 0.351143
vt 0.8578334 0.3576356
vt 0.8484513 0.339997
vt 0.8661528 0.3424297
vt 0.8140454 0.308387
vt 0.8546185 0.2870639
vt 0.8484287 0.3295277
vt 0.8540133 0.3191267
vt 0.8496173 0.2411144
vt 0.8420011 0.3225455
vt 0.8392549 0.3318717
vt 0.8442156 0.3073792
vt 0.8419953 0.2676277
vt 0.8266321 0.3203185
vt 0.8286784 0.3024105
vt 0.8343675 0.2324165
vt 0.827279 0.2610792
vt 0.8103338 0.2660444
vt 0.8187358 0.2040284
vt 0.8175154 0.2382585
vt 0.7912679 0.2135787
vt 0.7901782 0.2547538
vt 0.7501773 0.1391136
vt 0.7504019 0.2116112
vt 0.7095513 0.2145919
vt 0.7505035 0.2443677
vt 0.6820263 0.2057234
vt 0.7108961 0.2557367
vt 0.7187018 0.3013674
vt 0.7505886 0.2718395
vt 0.7510075 0.4069698
vt 0.7321706 0.4148788
vt 0.6834587 0.2399206
vt 0.666572 0.2344969
vt 0.6908121 0.2675262
vt 0.6488546 0.2234896
vt 0.6738374 0.2629816
vt 0.6359769 0.2434441
vt 0.6513771 0.2435723
vt 0.6375117 0.2649948
vt 0.6234743 0.2725565
vt 0.6102631 0.3435221
vt 0.6251681 0.2925288
vt 0.6466612 0.2896422
vt 0.6591629 0.2698945
vt 0.6225677 0.3629679
vt 0.6348908 0.3172596
vt 0.6726944 0.3043444
vt 0.6474652 0.3216875
vt 0.6873634 0.3099577
vt 0.6571891 0.3096981
vt 0.7109163 0.3354847
vt 0.6748515 0.3222003
vt 0.6848667 0.3288468
vt 0.7233689 0.405895
vt 0.7036634 0.3472017
vt 0.635471 0.3452899
vt 0.6531137 0.3319493
vt 0.6594976 0.3248083
vt 0.6740052 0.333804
vt 0.6850477 0.3436324
vt 0.6623013 0.3340656
vt 0.653156 0.3424183
vt 0.6967799 0.364841
vt 0.6404955 0.3538792
vt 0.643884 0.3602883
vt 0.6376923 0.3833599
vt 0.7140477 0.4047204
vt 0.7026757 0.4008064
vt 0.6321359 0.3753413
vt 0.6362622 0.4131217
vt 0.7096277 0.461853
vt 0.6994313 0.4290317
vt 0.7188635 0.4782757
vt 0.6263108 0.3726607
vt 0.6239653 0.4257459
vt 0.6457433 0.428926
vt 0.6191226 0.4277575
vt 0.6381493 0.4464546
vt 0.6665749 0.4322716
vt 0.6996416 0.4975791
vt 0.6316006 0.4538945
vt 0.6692377 0.4355508
vt 0.6857393 0.4311714
vt 0.6931147 0.4634684
vt 0.6683897 0.4773571
vt 0.6281701 0.4632861
vt 0.6667762 0.4514477
vt 0.690393 0.4440857
vt 0.1991612 0.5296914
vt 0.1985526 0.5364995
vt 0.2084442 0.5439122
vt 0.2121453 0.5337607
vt 0.2121929 0.5622579
vt 0.1827663 0.5241498
vt 0.1824251 0.5271499
vt 0.2178512 0.5621111
vt 0.2085555 0.5900576
vt 0.1646949 0.5196472
vt 0.166356 0.5288419
vt 0.2121004 0.5952715
vt 0.1993728 0.6081438
vt 0.1536999 0.5363241
vt 0.1604246 0.5420943
vt 0.2006631 0.6126045
vt 0.189743 0.6159487
vt 0.1544639 0.5690807
vt 0.1579218 0.5672375
vt 0.1902438 0.6202843
vt 0.1794374 0.6142904
vt 0.1607134 0.5923492
vt 0.1625578 0.5895548
vt 0.1699091 0.6102135
vt 0.1711601 0.6064174
vt 0.1789198 0.6189744
vt 0.15762 0.5976203
vt 0.1494705 0.5757591
vt 0.17614 0.6263175
vt 0.1700378 0.6193113
vt 0.141816 0.5225577
vt 0.1515563 0.6074855
vt 0.1566751 0.5034527
vt 0.1421239 0.578954
vt 0.1852187 0.5232905
vt 0.1351442 0.5187787
vt 0.2037548 0.523064
vt 0.1499631 0.4931433
vt 0.1277782 0.5002719
vt 0.1359226 0.5908614
vt 0.1490546 0.6396725
vt 0.1842744 0.5081837
vt 0.2218804 0.5083811
vt 0.1462241 0.4806672
vt 0.2076347 0.5071051
vt 0.2262128 0.5580013
vt 0.163697 0.6310103
vt 0.1872545 0.4822455
vt 0.2308743 0.4913773
vt 0.2169079 0.6085531
vt 0.1732659 0.642897
vt 0.2150318 0.4728103
vt 0.2350524 0.5568368
vt 0.1998698 0.623834
vt 0.1908133 0.6292558
vt 0.2234494 0.619634
vt 0.240076 0.4569175
vt 0.2021641 0.6421601
vt 0.2331124 0.6559116
vt 0.2445099 0.5492196
vt 0.2648318 0.4709746
vt 0.1885633 0.6479706
vt 0.2053615 0.6897838
vt 0.1738808 0.6883337
vt 0.2651123 0.5554935
vt 0.1890738 0.6957476
vt 0.1610339 0.6681097
vt 0.1660925 0.7102282
vt 0.1390839 0.6609852
vt 0.1519037 0.6889408
vt 0.1235224 0.6084809
vt 0.1366881 0.6813576
vt 0.1978753 0.714849
vt 0.1814151 0.7192423
vt 0.1630913 0.7321253
vt 0.1496943 0.7116326
vt 0.2253457 0.7007272
vt 0.1223864 0.630254
vt 0.1138327 0.5058906
vt 0.1216826 0.730514
vt 0.1968011 0.7489407
vt 0.1789294 0.7453743
vt 0.1551679 0.7836787
vt 0.224345 0.7410883
vt 0.1376767 0.7601239
vt 0.09985143 0.6746265
vt 0.11144 0.5250114
vt 0.1020451 0.7840555
vt 0.1944691 0.8189617
vt 0.1722793 0.8016673
vt 0.1455845 0.8436448
vt 0.2246707 0.8230439
vt 0.1210252 0.8145751
vt 0.1125608 0.4749463
vt 0.08490598 0.555105
vt 0.07134154 0.7164847
vt 0.08140089 0.8425494
vt 0.1186841 0.4655971
vt 0.1322059 0.4659328
vt 0.152733 0.4512995
vt 0.1924251 0.4313982
vt 0.2215236 0.4242087
vt 0.2459482 0.4260709
vt 0.1352203 0.4186286
vt 0.1494444 0.4158826
vt 0.1343782 0.3963429
vt 0.1264483 0.4270198
vt 0.1731957 0.39562
vt 0.2108113 0.4000414
vt 0.1559928 0.3821789
vt 0.2352202 0.3926723
vt 0.1775473 0.357613
vt 0.2092495 0.3541914
vt 0.1517665 0.3697008
vt 0.1735056 0.3394461
vt 0.1381444 0.3838028
vt 0.2060872 0.3316654
vt 0.1467109 0.3569475
vt 0.2360285 0.3382981
vt 0.2354017 0.3185808
vt 0.2435605 0.4005344
vt 0.2493725 0.3454309
vt 0.2493567 0.3349576
vt 0.1360433 0.3476506
vt 0.1667089 0.3231548
vt 0.2647104 0.432576
vt 0.2646019 0.4001512
vt 0.2643629 0.3445192
vt 0.2643198 0.3337663
vt 0.2793653 0.3449782
vt 0.2792997 0.3344808
vt 0.285672 0.400008
vt 0.292697 0.3374928
vt 0.2930917 0.3175797
vt 0.2834441 0.4256257
vt 0.2939827 0.391908
vt 0.3201902 0.3527989
vt 0.323494 0.3299345
vt 0.3515932 0.3565412
vt 0.3555368 0.3386668
vt 0.318575 0.3988867
vt 0.3079098 0.4232537
vt 0.2895063 0.4563492
vt 0.3731211 0.3804376
vt 0.3772925 0.3679814
vt 0.3944403 0.3941503
vt 0.3906422 0.3816895
vt 0.3560479 0.3940856
vt 0.3370139 0.4299404
vt 0.3796648 0.4137605
vt 0.2856644 0.5486713
vt 0.2977981 0.6548766
vt 0.3925233 0.3461761
vt 0.3820673 0.3555729
vt 0.3146332 0.4716606
vt 0.3765557 0.4489496
vt 0.2655846 0.6861932
vt 0.2656955 0.7128573
vt 0.2658367 0.7456072
vt 0.3423817 0.4804723
vt 0.3059127 0.6993744
vt 0.2661808 0.8208702
vt 0.3072541 0.7396363
vt 0.2665143 0.8892478
vt 0.3076717 0.8214638
vt 0.2292593 0.8850487
vt 0.1924336 0.8810174
vt 0.1647681 0.8615748
vt 0.1318137 0.9101331
vt 0.1034239 0.876321
vt 0.2668648 0.9570042
vt 0.227762 0.9534073
vt 0.1855367 0.9495541
vt 0.1541563 0.929745
vt 0.3036965 0.8835531
vt 0.1224836 0.9315152
vt 0.09234928 0.8951954
vt 0.1461902 0.9539748
vt 0.1781401 0.9873091
vt 0.2252495 0.9919561
vt 0.2670692 0.9948117
vt 0.0702426 0.8577896
vt 0.3088142 0.9901288
vt 0.04693455 0.7663172
vt 0.03135748 0.7781284
vt 0.3058932 0.9517483
vt 0.3557642 0.9834388
vt 0.05170907 0.5779108
vt 0.02248353 0.6198423
vt 0.004953831 0.6188611
vt 0.347986 0.9461087
vt 0.387244 0.9488358
vt 0.3404005 0.8780484
vt 0.08922055 0.4822868
vt 0.06109969 0.488217
vt 0.02683207 0.5242455
vt 0.009508789 0.5132176
vt 0.04889487 0.4177467
vt 0.03914095 0.4067599
vt 0.3790508 0.9250392
vt 0.4106035 0.925458
vt 0.1036686 0.4230365
vt 0.07648361 0.4050129
vt 0.06682344 0.3752626
vt 0.05993734 0.3690252
vt 0.1100573 0.3942287
vt 0.1156808 0.3252042
vt 0.09213884 0.2904419
vt 0.07616819 0.2784947
vt 0.1279903 0.2737026
vt 0.1393505 0.2888688
vt 0.1152385 0.2126668
vt 0.1048801 0.2026272
vt 0.1375271 0.24055
vt 0.1282901 0.1748098
vt 0.1175333 0.1642012
vt 0.1597401 0.3034816
vt 0.189479 0.2982975
vt 0.1838876 0.27009
vt 0.2121377 0.2751129
vt 0.1549256 0.2573056
vt 0.1478324 0.254728
vt 0.1510379 0.2063213
vt 0.1462493 0.1277132
vt 0.1321532 0.1077177
vt 0.1611464 0.221455
vt 0.1644582 0.1815907
vt 0.1574424 0.2147585
vt 0.1758034 0.1971747
vt 0.2116891 0.2512909
vt 0.2344422 0.2645724
vt 0.1776167 0.09246936
vt 0.1675609 0.06981531
vt 0.1882172 0.1473408
vt 0.2046285 0.1662962
vt 0.2353211 0.2465715
vt 0.2498152 0.2579312
vt 0.2189851 0.05268744
vt 0.2136824 0.03211671
vt 0.2165162 0.1215095
vt 0.230397 0.1621011
vt 0.2499582 0.2476026
vt 0.2660733 0.257191
vt 0.239164 0.05467317
vt 0.234881 0.03312173
vt 0.2355597 0.1190523
vt 0.2489378 0.1633244
vt 0.2653773 0.1646084
vt 0.2658947 0.2471444
vt 0.2817552 0.2553123
vt 0.2492146 0.1198467
vt 0.2527306 0.05018026
vt 0.2507249 0.0317989
vt 0.281395 0.2455726
vt 0.2960303 0.2613891
vt 0.2654029 0.1184914
vt 0.2656121 0.04792929
vt 0.2656976 0.02949673
vt 0.2784512 0.05061683
vt 0.2806116 0.03238183
vt 0.2953032 0.2443668
vt 0.3165203 0.2744266
vt 0.2817511 0.1632336
vt 0.2815364 0.1200727
vt 0.2919023 0.05553547
vt 0.2963376 0.034327
vt 0.3175969 0.2507065
vt 0.339643 0.2973952
vt 0.3451979 0.2695128
vt 0.362515 0.3218641
vt 0.3000538 0.1621195
vt 0.2950821 0.119509
vt 0.3118778 0.05423349
vt 0.3172745 0.03414503
vt 0.3253064 0.1667112
vt 0.3138682 0.1223394
vt 0.3522538 0.09466636
vt 0.3622558 0.07271883
vt 0.3415343 0.1483781
vt 0.3827856 0.1298276
vt 0.3966386 0.1105244
vt 0.353494 0.1975715
vt 0.3647092 0.1824057
vt 0.400204 0.1761147
vt 0.4107347 0.1658307
vt 0.412942 0.2132058
vt 0.4230673 0.2033722
vt 0.4356907 0.2892508
vt 0.4512957 0.2773116
vt 0.3910804 0.2405297
vt 0.3778392 0.2068267
vt 0.3715262 0.2150769
vt 0.4609864 0.3719979
vt 0.4677111 0.3656852
vt 0.3678679 0.2216391
vt 0.3809436 0.2544536
vt 0.4004574 0.2731077
vt 0.37396 0.2569794
vt 0.3892964 0.2880535
vt 0.3693053 0.3024116
vt 0.4126231 0.323735
vt 0.4184808 0.3916011
vt 0.4516658 0.4015266
vt 0.478944 0.4132817
vt 0.4884679 0.4021362
vt 0.5016383 0.5176465
vt 0.518652 0.5061325
vt 0.4674695 0.483178
vt 0.5068201 0.6120688
vt 0.5241655 0.6104397
vt 0.4839869 0.7582255
vt 0.4995522 0.7693284
vt 0.4775054 0.5715988
vt 0.4396347 0.478135
vt 0.4249547 0.4199161
vt 0.4505283 0.8352897
vt 0.4617657 0.8499719
vt 0.4592917 0.7097074
vt 0.4024594 0.4243225
vt 0.444455 0.550101
vt 0.4164914 0.4714828
vt 0.3937313 0.4162065
vt 0.4103709 0.4623687
vt 0.3969764 0.4630274
vt 0.4015819 0.4969699
vt 0.3831649 0.4779682
vt 0.4154465 0.5021713
vt 0.417955 0.5210747
vt 0.4306163 0.66919
vt 0.4078687 0.6258932
vt 0.4294392 0.7779772
vt 0.4065771 0.6042996
vt 0.4094226 0.7254878
vt 0.3940735 0.6771377
vt 0.4108638 0.8090533
vt 0.3937861 0.7555164
vt 0.3813975 0.7076946
vt 0.4289843 0.8697543
vt 0.4401899 0.8880591
vt 0.4010929 0.9045728
vt 0.3867108 0.8389437
vt 0.3677829 0.8575609
vt 0.3765958 0.7796065
vt 0.3597213 0.7981637
vt 0.3377678 0.8162421
vt 0.3525838 0.7423149
vt 0.3348011 0.7465036
vt 0.3682415 0.7285599
vt 0.3498792 0.7163637
vt 0.3334359 0.7125452
vt 0.3790062 0.6851915
vt 0.3650638 0.7068604
vt 0.3420503 0.6932086
vt 0.3257626 0.6877964
vt 0.3915243 0.6569619
vt 0.3697498 0.6647655
vt 0.3571253 0.6853204
vt 0.3421777 0.6455796
vt 0.3285777 0.6402031
vt 0.3941282 0.5871711
vt 0.381442 0.6360922
vt 0.3668085 0.6279294
vt 0.3573749 0.640056
vt 0.3071824 0.6183646
vt 0.3397945 0.627
vt 0.33073 0.6218634
vt 0.2951628 0.5560212
vt 0.3136306 0.6071202
vt 0.2989163 0.4905663
vt 0.3039958 0.5569471
vt 0.3222061 0.5057031
vt 0.3080005 0.5073221
vt 0.3454909 0.5062252
vt 0.326171 0.5215219
vt 0.3795251 0.4904512
vt 0.3446401 0.5212895
vt 0.3943986 0.515537
vt 0.3729181 0.5008582
vt 0.387882 0.5755178
vt 0.3877994 0.519464
vt 0.3787113 0.6041607
vt 0.3805566 0.5725508
vt 0.3604098 0.6164782
vt 0.3726078 0.5945268
vt 0.3543873 0.6236358
vt 0.3604708 0.6074193
vt 0.3402956 0.6180451
vt 0.3515645 0.6164066
vt 0.3298582 0.6106921
vt 0.3183337 0.5937357
vt 0.3123691 0.5608221
vt 0.3178721 0.5323951
vt 0.3307897 0.5280129
vt 0.347087 0.5220844
vt 0.3650455 0.5171565
vt 0.3760832 0.5334581
vt 0.3755458 0.5660487
vt 0.3694924 0.5893725
vt 0.3216284 0.54242
vt 0.3180148 0.5608149
vt 0.3314385 0.5347829
vt 0.3218327 0.5884374
vt 0.3474452 0.525063
vt 0.3311126 0.6062093
vt 0.363452 0.5263424
vt 0.3407631 0.6137112
vt 0.3694365 0.5393718
vt 0.3510146 0.6117578
vt 0.3720942 0.5643109
vt 0.359198 0.6036774
vt 0.3676372 0.586645
vn 0.9903639 -0.1382499 -0.008148506
vn 0.7776217 0.6219448 -0.09213658
vn 0.8409466 0.5040796 -0.1967549
vn 0.85679 0.4232067 -0.2946303
vn 0.9814411 -0.1108157 -0.1565032
vn 0.7715216 0.6310729 0.08063133
vn 0.9885776 0.01522908 0.1499408
vn 0.7114933 0.6652873 -0.226208
vn 0.9982127 -0.04287907 0.0416278
vn 0.9677564 -0.002777226 -0.251873
vn 0.7394442 0.6622922 0.1207941
vn 0.9809321 -0.08410954 -0.1752079
vn 0.9142939 0.1716094 -0.3669017
vn 0.9561479 0.003265595 -0.2928659
vn 0.8080595 0.3457226 -0.4769861
vn 0.6423722 0.7636257 0.06506734
vn 0.5511489 0.8338497 0.03048883
vn 0.8607881 0.4842753 0.1565929
vn 0.9697083 0.1069993 0.2195837
vn 0.7870032 0.6167967 0.0137032
vn 0.8886767 0.1944352 -0.4152692
vn 0.7691671 0.3949752 -0.5023711
vn 0.6959035 0.4786053 -0.5354019
vn 0.732278 0.6803648 0.0295426
vn 0.5489771 0.8351544 0.03378461
vn 0.5111957 0.6127024 -0.6027226
vn 0.3797528 0.9250122 0.01184152
vn 0.3569256 0.9340494 -0.01248248
vn 0.3914758 0.6821451 -0.617596
vn 0.2610609 0.9648023 0.0316789
vn 0.4588513 0.7190552 -0.5219338
vn 0.6428539 0.5548979 -0.5280411
vn 0.4512483 0.8917236 0.03469967
vn 0.5524303 0.8325672 0.04065174
vn 0.2273386 0.7885894 -0.5713527
vn 0 0.999985 -0.005493417
vn 0.3272245 0.8163522 -0.475913
vn 0.3411391 0.9397349 0.02285858
vn 0.4087398 0.9120883 0.03204486
vn 0.3107467 0.9504906 0.002044788
vn 0.7630667 0.6309499 0.1401128
vn 0.07410018 0.9631497 0.2585571
vn 0.1565022 0.9781084 0.1371531
vn 0.6995924 0.6877509 -0.1938277
vn 0.6137973 0.7645915 0.1966031
vn 0.7907788 0.5445817 0.2794628
vn 0.909115 0.2537391 0.3303431
vn 0.8867244 0.3776094 0.266704
vn 0.9019858 0.4137141 0.1235405
vn 0.5625562 0.8267589 -0.0001525949
vn 0.8792877 0.4286417 0.2076524
vn 0.3749616 0.9270273 -0.004913626
vn 0.3013149 0.9286347 0.2164413
vn 0.6075753 0.7934369 0.03619571
vn 0.8826681 0.1337949 0.4505507
vn 0.7752331 0.5867124 0.2340562
vn 0.6274762 0.5150432 0.5839557
vn 0.5235022 0.8304681 0.1904421
vn 0.2764992 0.9608805 0.0160223
vn 0.4773428 0.5793973 0.660638
vn 0.6044266 0.7944372 0.05948131
vn 0.7217161 0.4634328 0.5141556
vn 0.3244791 0.9159699 0.2360347
vn -0.2417743 0.9008701 -0.3605251
vn 0.6253447 0.7093649 0.3251854
vn 0.2667996 0.9533005 0.1415485
vn 0.5095215 0.5659519 0.6481406
vn 0.3674749 0.8818054 0.2956035
vn 0.4930689 0.808058 0.3223747
vn 0.2388135 0.945213 0.2225772
vn 0.5878874 0.6219771 0.5172359
vn 0.4066107 0.9035284 0.1352927
vn 0.4514794 0.8763151 0.168042
vn 0.5306724 0.553684 0.6417327
vn 0.6278489 0.6412776 0.4410996
vn 0.4557455 0.8897918 0.0238051
vn 0.5009051 0.8558388 0.1289725
vn 0.3829299 0.4379263 0.8133789
vn 0.5340924 0.7397943 0.4092063
vn 0.4729567 0.8776419 0.07782407
vn 0.2567903 0.9537314 0.1563814
vn 0.1793313 0.4803126 0.8585687
vn 0 0.9848177 0.1735921
vn 0 0.5189455 0.8548073
vn -0.1793313 0.4803126 0.8585687
vn 0.2491903 0.8701671 0.4251037
vn 0.1149347 0.976487 0.1823817
vn 0 0.8952436 0.445577
vn 0 0.9627308 0.2704619
vn -0.1149347 0.976487 0.1823817
vn -0.2491903 0.8701671 0.4251037
vn -0.4729567 0.8776419 0.07782407
vn -0.2567903 0.9537314 0.1563814
vn -0.3829299 0.4379263 0.8133789
vn -0.5340924 0.7397943 0.4092063
vn -0.4557455 0.8897918 0.0238051
vn -0.5009051 0.8558388 0.1289725
vn -0.5306724 0.553684 0.6417327
vn -0.6278489 0.6412776 0.4410996
vn -0.4066107 0.9035284 0.1352927
vn -0.4514794 0.8763151 0.168042
vn -0.4773428 0.5793973 0.660638
vn -0.5878874 0.6219771 0.5172359
vn -0.3674749 0.8818054 0.2956035
vn -0.2388135 0.945213 0.2225772
vn -0.5095215 0.5659519 0.6481406
vn -0.3013149 0.9286347 0.2164413
vn -0.2667996 0.9533005 0.1415485
vn -0.4930689 0.808058 0.3223747
vn -0.7217161 0.4634328 0.5141556
vn -0.2764992 0.9608805 0.0160223
vn -0.6274762 0.5150432 0.5839557
vn -0.6044266 0.7944372 0.05948131
vn -0.8792877 0.4286417 0.2076524
vn -0.3749616 0.9270273 -0.004913626
vn -0.5625562 0.8267589 -0.0001525949
vn -0.6075753 0.7934369 0.03619571
vn -0.8826681 0.1337949 0.4505507
vn -0.9019858 0.4137141 0.1235405
vn -0.7114933 0.6652873 -0.226208
vn -0.8867244 0.3776094 0.266704
vn -0.909115 0.2537391 0.3303431
vn -0.7752331 0.5867124 0.2340562
vn -0.9885776 0.01522908 0.1499408
vn -0.85679 0.4232067 -0.2946303
vn -0.9903639 -0.1382499 -0.008148506
vn -0.8409466 0.5040796 -0.1967549
vn -0.7776217 0.6219448 -0.09213658
vn -0.9814411 -0.1108157 -0.1565032
vn -0.7715216 0.6310729 0.08063133
vn -0.9982127 -0.04287907 0.0416278
vn -0.9697083 0.1069993 0.2195837
vn -0.9677564 -0.002777226 -0.251873
vn -0.7394442 0.6622922 0.1207941
vn -0.7907788 0.5445817 0.2794628
vn -0.9809321 -0.08410954 -0.1752079
vn -0.8607881 0.4842753 0.1565929
vn -0.9142939 0.1716094 -0.3669017
vn -0.9561479 0.003265595 -0.2928659
vn -0.7870032 0.6167967 0.0137032
vn -0.8080595 0.3457226 -0.4769861
vn -0.6423722 0.7636257 0.06506734
vn -0.5511489 0.8338497 0.03048883
vn -0.5235022 0.8304681 0.1904421
vn -0.6137973 0.7645915 0.1966031
vn -0.5489771 0.8351544 0.03378461
vn -0.7630667 0.6309499 0.1401128
vn -0.732278 0.6803648 0.0295426
vn -0.8886767 0.1944352 -0.4152692
vn -0.7691671 0.3949752 -0.5023711
vn -0.6959035 0.4786053 -0.5354019
vn -0.3244791 0.9159699 0.2360347
vn 0.2417743 0.9008701 -0.3605251
vn -0.6253447 0.7093649 0.3251854
vn -0.2956997 0.944353 0.1440807
vn 0.01956274 0.8136086 -0.5810837
vn -0.2298987 0.9414157 0.2467451
vn -0.4309005 0.9023 -0.01339793
vn -0.176858 0.7658455 -0.6182248
vn -0.5111957 0.6127024 -0.6027226
vn -0.3797528 0.9250122 0.01184152
vn -0.3569256 0.9340494 -0.01248248
vn -0.3914758 0.6821451 -0.617596
vn -0.2610609 0.9648023 0.0316789
vn -0.4588513 0.7190552 -0.5219338
vn -0.2273386 0.7885894 -0.5713527
vn -0.2730869 0.9580932 0.08649177
vn -0.6123374 0.7800709 0.1285774
vn -0.3177079 0.7915229 -0.5220664
vn -0.6428539 0.5548979 -0.5280411
vn -0.3272245 0.8163522 -0.475913
vn 0 0.8368734 -0.5473965
vn -0.5574977 0.8253053 -0.08981856
vn -0.3690084 0.9015085 0.2260867
vn -0.1384965 0.7593198 -0.6358083
vn -0.3411391 0.9397349 0.02285858
vn -0.2035591 0.8918756 -0.4038832
vn 0.2035591 0.8918756 -0.4038832
vn -0.3831075 0.9148436 0.1276313
vn 0 0.9381674 0.3461819
vn 0 0.8090302 -0.5877669
vn 0.1384965 0.7593198 -0.6358083
vn 0 0.9882085 0.1531143
vn 0 0.9842799 -0.1766155
vn 0.3690084 0.9015085 0.2260867
vn 0.3177079 0.7915229 -0.5220664
vn -0.505116 0.8598356 -0.07443526
vn 0.3831075 0.9148436 0.1276313
vn 0.6123374 0.7800709 0.1285774
vn 0.176858 0.7658455 -0.6182248
vn 0.4309005 0.9023 -0.01339793
vn -0.01956274 0.8136086 -0.5810837
vn 0.5574977 0.8253053 -0.08981856
vn 0.2956997 0.944353 0.1440807
vn 0.2730869 0.9580932 0.08649177
vn 0.2298987 0.9414157 0.2467451
vn 0.505116 0.8598356 -0.07443526
vn 0.5168979 0.8481801 0.1157886
vn 0.162849 0.9510001 0.2628289
vn 0.4183017 0.8384346 0.349358
vn 0.1563189 0.9171299 -0.3666566
vn 0.1188108 0.9209437 -0.3711425
vn 0.1359317 0.9869543 -0.08627724
vn 0.5801671 0.8123561 -0.05902384
vn 0.4518061 0.8896953 -0.06567729
vn 0.123116 0.9465953 -0.2979932
vn 0.05374413 0.9640068 -0.260389
vn 0.4734482 0.7437894 -0.4718306
vn 0.06305276 0.7078633 -0.7035297
vn -0.02664328 0.4112771 0.9111209
vn 0.07928874 0.911851 0.4027916
vn 0.1702372 0.655221 0.7360059
vn -0.2561791 0.9666076 0.006500613
vn 0.3782207 0.8713146 0.3126661
vn 0.7590526 0.64906 0.05060147
vn -0.244003 0.9093271 -0.3370263
vn -0.2527012 0.9520548 -0.172435
vn 0.424064 0.8822179 0.2046006
vn 0.600315 0.7997283 -0.007507754
vn 0.5878948 0.7659448 0.2602082
vn -0.2349999 0.800251 -0.5517004
vn 0.3042495 0.951844 0.0377527
vn -0.1590981 0.959533 0.232345
vn 0.637096 0.7686048 -0.05792614
vn 0.278575 0.9581053 -0.06656137
vn 0.2537678 0.9124042 0.3211238
vn -0.06985918 0.7906387 -0.6082845
vn 0.489033 0.8574862 0.1598879
vn 0.3001529 0.9538363 -0.01022382
vn 0.5290535 0.810137 -0.2525479
vn -0.07348993 0.964067 0.255292
vn 0.5736417 0.7624649 -0.2993032
vn 0.3926282 0.8084815 -0.4384069
vn 0.1731355 0.9840307 0.041323
vn 0.3098891 0.9025361 0.2989939
vn 0.4316594 0.8798295 -0.1989222
vn -0.04452694 0.9578326 0.2838554
vn 0.1689825 0.9825828 0.07730409
vn 0.1034909 0.9403295 0.3241453
vn 0.01260451 0.9421948 0.3348283
vn 0.2089963 0.8281723 -0.5200492
vn 0.1523824 0.9762787 0.1538168
vn 0.3029015 0.9364159 -0.1771325
vn 0.1033064 0.9336031 0.3430932
vn 0.1468906 0.9611519 0.2336881
vn 0.1717617 0.9450554 0.2781514
vn 0.1702953 0.9677532 -0.1856157
vn 0.249704 0.9639026 -0.09241062
vn 0.3253071 0.9455544 0.01010195
vn 0.2684168 0.9572973 0.1073972
vn 0.2605995 0.9634767 -0.06164786
vn 0.3206923 0.9470615 0.0151984
vn 0 0.9331024 -0.3596109
vn 0 0.9852663 -0.1710269
vn -0.2605995 0.9634767 -0.06164786
vn 0 0.9996409 -0.02679544
vn -0.3253071 0.9455544 0.01010195
vn -0.3206923 0.9470615 0.0151984
vn -0.3001529 0.9538363 -0.01022382
vn 0 0.9993925 -0.03485224
vn 0 0.9990095 -0.04449673
vn -0.278575 0.9581053 -0.06656137
vn -0.2684168 0.9572973 0.1073972
vn -0.1717617 0.9450554 0.2781514
vn -0.249704 0.9639026 -0.09241062
vn -0.4087398 0.9120883 0.03204486
vn -0.1702953 0.9677532 -0.1856157
vn -0.4512483 0.8917236 0.03469967
vn -0.1034909 0.9403295 0.3241453
vn -0.07410018 0.9631497 0.2585571
vn -0.5524303 0.8325672 0.04065174
vn -0.3107467 0.9504906 0.002044788
vn -0.1565022 0.9781084 0.1371531
vn -0.4316594 0.8798295 -0.1989222
vn -0.3029015 0.9364159 -0.1771325
vn -0.6995924 0.6877509 -0.1938277
vn -0.5290535 0.810137 -0.2525479
vn -0.1468906 0.9611519 0.2336881
vn -0.1689825 0.9825828 0.07730409
vn -0.3098891 0.9025361 0.2989939
vn -0.1523824 0.9762787 0.1538168
vn -0.489033 0.8574862 0.1598879
vn -0.1033064 0.9336031 0.3430932
vn -0.2537678 0.9124042 0.3211238
vn -0.600315 0.7997283 -0.007507754
vn -0.5878948 0.7659448 0.2602082
vn -0.1731355 0.9840307 0.041323
vn 0.04452694 0.9578326 0.2838554
vn -0.01260451 0.9421948 0.3348283
vn 0.06985918 0.7906387 -0.6082845
vn 0.2349999 0.800251 -0.5517004
vn -0.2089963 0.8281723 -0.5200492
vn -0.3926282 0.8084815 -0.4384069
vn 0.244003 0.9093271 -0.3370263
vn 0.07348993 0.964067 0.255292
vn -0.5736417 0.7624649 -0.2993032
vn -0.637096 0.7686048 -0.05792614
vn -0.7590526 0.64906 0.05060147
vn 0.2561791 0.9666076 0.006500613
vn 0.1590981 0.959533 0.232345
vn -0.424064 0.8822179 0.2046006
vn -0.4734482 0.7437894 -0.4718306
vn -0.07928874 0.911851 0.4027916
vn -0.5801671 0.8123561 -0.05902384
vn -0.3042406 0.9518468 0.0377516
vn 0.2527012 0.9520548 -0.172435
vn -0.3782207 0.8713146 0.3126661
vn -0.4518061 0.8896953 -0.06567729
vn -0.06305276 0.7078633 -0.7035297
vn -0.1702372 0.655221 0.7360059
vn -0.5168979 0.8481801 0.1157886
vn -0.1359317 0.9869543 -0.08627724
vn -0.05374413 0.9640068 -0.260389
vn 0.02664328 0.4112771 0.9111209
vn -0.1563189 0.9171299 -0.3666566
vn -0.162849 0.9510001 0.2628289
vn -0.4183017 0.8384346 0.349358
vn -0.1188108 0.9209437 -0.3711425
vn -0.123116 0.9465953 -0.2979932
vn -0.3206078 -0.9248031 0.2048166
vn -0.02664328 0.4112771 0.9111209
vn 0.07928874 0.911851 0.4027916
vn -0.6986233 -0.6861103 0.2029246
vn -0.2561791 0.9666076 0.006500613
vn -0.05807803 -0.7940484 0.6050736
vn 0.1702372 0.655221 0.7360059
vn -0.8680499 -0.4962073 -0.01635815
vn -0.244003 0.9093271 -0.3370263
vn 0.1703295 -0.7624082 0.6242769
vn 0.3782207 0.8713146 0.3126661
vn -0.7579771 -0.578371 -0.3015917
vn -0.2349999 0.800251 -0.5517004
vn 0.4786576 -0.8436019 0.2433573
vn 0.424064 0.8822179 0.2046006
vn -0.5166931 -0.6788426 -0.5217288
vn -0.06985918 0.7906387 -0.6082845
vn 0.5993723 -0.766497 -0.2307273
vn 0.637096 0.7686048 -0.05792614
vn -0.1886092 -0.7190346 -0.6688914
vn 0.2089963 0.8281723 -0.5200492
vn 0.5146405 -0.7053226 -0.4875091
vn 0.5736417 0.7624649 -0.2993032
vn 0.3502738 -0.6689597 -0.6555922
vn 0.3926282 0.8084815 -0.4384069
vn 0.08820122 -0.6749988 -0.7325279
vn 0.1639788 -0.9408716 -0.2964315
vn 0.1685283 -0.9656348 -0.1978575
vn 0.02435389 -0.8950208 -0.4453589
vn 0.1108159 -0.9172606 -0.3825607
vn 0.1424002 -0.9814507 0.1283616
vn -0.03457845 -0.9823576 -0.1837877
vn -0.09262664 -0.7897528 0.6063917
vn -0.1746283 -0.9802015 -0.09332636
vn -0.1013536 -0.9860388 0.1321168
vn -0.3594557 -0.9325767 0.03305234
vn -0.2943274 -0.9234812 0.2460765
vn -0.1589446 -0.9790902 0.1269604
vn -0.761972 -0.6382168 -0.1098995
vn -0.6847393 -0.7116576 0.1570847
vn -0.5170291 -0.8293646 0.2117436
vn -0.1138671 -0.8426955 0.5262116
vn -0.5120568 -0.7330183 0.4477521
vn -0.380518 -0.9082931 -0.173809
vn -0.1422196 -0.8155044 0.5610045
vn -0.7147408 -0.6990536 -0.02166898
vn -0.01446619 -0.9642907 -0.2644505
vn -0.1705714 -0.9852487 -0.01379464
vn -0.6206664 -0.7620613 0.1844878
vn -0.6003687 -0.7616308 -0.2438769
vn -0.07739764 -0.9430549 -0.3235075
vn -0.4782654 -0.8743122 0.08270685
vn -0.722725 -0.690985 -0.01443558
vn -0.3066915 -0.8840919 -0.352593
vn -0.1313222 -0.8874854 -0.4417285
vn -0.6240193 -0.7398689 -0.2513839
vn -0.5183641 -0.8495862 0.0974775
vn -0.3842358 -0.8132431 -0.4370339
vn -0.3532316 -0.9345956 -0.04193366
vn -0.3929314 -0.9154769 0.08664329
vn 0 -0.9861678 0.1657499
vn -0.1623296 -0.905524 -0.3920143
vn -0.3309196 -0.9429515 0.03653147
vn -0.3181039 -0.9276073 0.1958431
vn 0 -0.9972915 0.07355017
vn -0.1883634 -0.9630886 0.1923003
vn -0.4201308 -0.8855219 0.1983459
vn -0.172526 -0.9536693 -0.2464744
vn -0.2839489 -0.9555808 -0.0789832
vn -0.1769516 -0.9677098 -0.1795152
vn -0.4647714 -0.8851379 0.02276705
vn -0.483205 -0.871893 -0.07947108
vn -0.3142574 -0.9444203 -0.09650208
vn -0.2342628 -0.9443758 -0.2308142
vn -0.3643443 -0.9241367 -0.1149983
vn -0.3868294 -0.9160608 -0.1058097
vn -0.3304336 -0.943599 -0.02084476
vn -0.6543977 -0.7556917 -0.02633827
vn -0.6890958 -0.7217515 -0.06497563
vn -0.8605446 -0.3378454 0.381213
vn -0.38723 -0.9151544 -0.1120062
vn -0.3723387 -0.9192492 -0.1278464
vn -0.6213011 -0.6384527 0.4542719
vn -0.2654231 -0.9638182 -0.02459825
vn -0.7442187 -0.5041826 0.4381078
vn -0.9438287 -0.168434 0.2842839
vn -0.7551369 -0.6551864 -0.02234006
vn -0.8953651 -0.1950466 0.4003477
vn -0.4095426 -0.8200923 0.3996542
vn -0.5086571 -0.7434689 0.4341912
vn -0.6840962 -0.4859326 0.5439503
vn -0.2250189 -0.9129546 0.3404124
vn -0.7979185 -0.3549051 0.4872048
vn -0.846031 -0.5016184 -0.1805839
vn -0.9886653 -0.07623664 0.1293398
vn -0.9559038 -0.02664359 0.2924691
vn -0.5382063 0.4862626 0.6883913
vn -0.6737937 -0.7116065 -0.1990435
vn -0.6840314 -0.6601958 -0.3102297
vn -0.3207604 -0.9334097 -0.1608075
vn -0.2987234 -0.9541873 -0.01706032
vn -0.4829074 -0.8733718 0.06341919
vn -0.404597 -0.8929089 -0.1975222
vn -0.6267707 -0.7455816 -0.2264212
vn -0.5042731 -0.8273216 -0.2474823
vn -0.6719225 -0.6439054 -0.3659317
vn -0.7352037 -0.6413881 -0.2193098
vn -0.3771547 -0.9150228 -0.1431344
vn -0.3597621 -0.9330072 -0.008301264
vn -0.6719155 -0.4088381 -0.6175604
vn -0.4779559 -0.8624631 -0.1664804
vn -0.5493819 -0.3681875 -0.7500783
vn -0.4244894 -0.5588648 -0.7123756
vn -0.2417743 0.9008701 -0.3605251
vn -0.01956274 0.8136086 -0.5810837
vn 0.7752331 0.5867124 0.2340562
vn 0.176858 0.7658455 -0.6182248
vn 0.8826681 0.1337949 0.4505507
vn -0.3294849 -0.3910115 -0.8593891
vn 0.3177079 0.7915229 -0.5220664
vn -0.3489574 -0.8883247 -0.2985091
vn -0.1427995 -0.558319 -0.8172443
vn 0.1384965 0.7593198 -0.6358083
vn -0.1333991 -0.9815561 0.1369393
vn 0.6274762 0.5150432 0.5839557
vn 0 -0.9716632 -0.2363695
vn 0 -0.9278883 -0.3728583
vn 0 -0.5714123 -0.8206632
vn 0 0.8090302 -0.5877669
vn 0.1427995 -0.558319 -0.8172443
vn -0.1384965 0.7593198 -0.6358083
vn 0.3489574 -0.8883247 -0.2985091
vn 0.3294849 -0.3910115 -0.8593891
vn -0.3177079 0.7915229 -0.5220664
vn 0.404597 -0.8929089 -0.1975222
vn 0.4779559 -0.8624631 -0.1664804
vn 0.4244894 -0.5588648 -0.7123756
vn -0.176858 0.7658455 -0.6182248
vn 0.5493819 -0.3681875 -0.7500783
vn 0.01956274 0.8136086 -0.5810837
vn 0.3597621 -0.9330072 -0.008301264
vn 0.4829074 -0.8733718 0.06341919
vn 0.5183641 -0.8495862 0.0974775
vn 0.6719155 -0.4088381 -0.6175604
vn 0.2417743 0.9008701 -0.3605251
vn 0.6719225 -0.6439054 -0.3659317
vn -0.7752331 0.5867124 0.2340562
vn 0.3771547 -0.9150228 -0.1431344
vn 0.2987234 -0.9541873 -0.01706032
vn 0.5042731 -0.8273216 -0.2474823
vn 0.3929314 -0.9154769 0.08664329
vn 0.3532316 -0.9345956 -0.04193366
vn 0.1333991 -0.9815561 0.1369393
vn -0.8826681 0.1337949 0.4505507
vn 0.4782654 -0.8743122 0.08270685
vn 0.3207604 -0.9334097 -0.1608075
vn 0 -0.9983386 0.05761993
vn 0 -0.9995443 0.03018287
vn 0 -0.9974751 0.07101715
vn 0.1705714 -0.9852487 -0.01379464
vn 0.3304336 -0.943599 -0.02084476
vn 0 -0.9534677 0.301495
vn 0.2654231 -0.9638182 -0.02459825
vn 0 -0.8191946 0.5735156
vn 0.2250189 -0.9129546 0.3404124
vn -0.2283466 -0.7762927 0.5875605
vn -0.4555962 -0.6566897 0.6009915
vn -0.5719254 -0.5806233 0.5794636
vn -0.4436253 0.2564214 0.8587459
vn -0.5022548 0.3566781 0.7877315
vn 0 -0.02249263 0.999747
vn -0.1041005 -0.03430342 0.9939751
vn -0.233622 0.1262871 0.9640915
vn -0.3823109 0.1747515 0.9073589
vn 0.2283466 -0.7762927 0.5875605
vn 0.5511489 0.8338497 0.03048883
vn 0.6423722 0.7636257 0.06506734
vn 0.3797528 0.9250122 0.01184152
vn 0.3569256 0.9340494 -0.01248248
vn 0.2610609 0.9648023 0.0316789
vn 0 0.999985 -0.005493417
vn 0.7394442 0.6622922 0.1207941
vn -0.2610609 0.9648023 0.0316789
vn -0.5159939 0.6857131 0.5133692
vn 0.7715216 0.6310729 0.08063133
vn 0.1041005 -0.03430342 0.9939751
vn -0.3569256 0.9340494 -0.01248248
vn -0.9857722 0.07861762 0.1485678
vn -0.5339921 0.8253272 0.1835417
vn 0.7776217 0.6219448 -0.09213658
vn 0.233622 0.1262871 0.9640915
vn -0.3797528 0.9250122 0.01184152
vn 0.4555962 -0.6566897 0.6009915
vn -0.9883593 -0.09988884 -0.1147516
vn -0.994093 0.08148553 -0.07168896
vn -0.5261497 0.837567 -0.1471327
vn 0.8409466 0.5040796 -0.1967549
vn -0.4640513 0.7554834 -0.4624947
vn 0.85679 0.4232067 -0.2946303
vn 0.3823109 0.1747515 0.9073589
vn -0.5511489 0.8338497 0.03048883
vn -0.9480902 -0.198896 -0.248124
vn -0.980515 -0.05545305 -0.1884549
vn -0.7594036 0.4844887 -0.4342544
vn 0.7114933 0.6652873 -0.226208
vn -0.9131647 -0.3306754 -0.2382938
vn -0.8645074 -0.4502446 -0.223398
vn -0.8708921 0.3735534 -0.319382
vn 0.5625562 0.8267589 -0.0001525949
vn -0.8220596 -0.5434822 -0.1698382
vn -0.6166459 -0.7701283 -0.1632486
vn -0.8772447 0.3023235 -0.3728839
vn 0.3749616 0.9270273 -0.004913626
vn -0.7772936 -0.5935069 -0.2087208
vn -0.7624028 0.3269838 -0.5584117
vn 0.3013149 0.9286347 0.2164413
vn 0.03274732 -0.8999561 0.4347489
vn 0.4773428 0.5793973 0.660638
vn 0.03900393 -0.8730412 0.4860843
vn 0.5306724 0.553684 0.6417327
vn -0.488427 -0.8608816 -0.1425545
vn -0.57363 -0.8083799 -0.1321766
vn -0.6810335 -0.625214 -0.3811834
vn -0.5773011 0.4493036 -0.6817988
vn 0.3674749 0.8818054 0.2956035
vn -0.4851981 -0.8579319 -0.1689251
vn -0.6322446 -0.6168323 -0.468812
vn -0.5067745 -0.8395885 -0.1956293
vn -0.4291051 -0.879513 -0.2057324
vn -0.1214982 -0.8261631 0.5501752
vn 0.3829299 0.4379263 0.8133789
vn -0.5542573 0.2987209 -0.7768942
vn 0.4066107 0.9035284 0.1352927
vn -0.5918008 -0.6441415 -0.4846168
vn -0.4325438 -0.8795536 -0.19822
vn -0.192115 -0.8214709 0.5369148
vn 0.1793313 0.4803126 0.8585687
vn -0.2978372 0.3441349 -0.8904292
vn 0.4557455 0.8897918 0.0238051
vn -0.5618848 -0.6634824 -0.4940411
vn -0.3364392 -0.9251468 -0.1758188
vn -0.07095663 -0.8427204 0.5336548
vn 0 0.5189455 0.8548073
vn -0.2452513 0.02740613 -0.9690721
vn 0.4729567 0.8776419 0.07782407
vn -0.3697962 -0.81122 -0.4529599
vn -0.1139588 -0.9790874 -0.1685272
vn 0 -0.9859365 -0.1671203
vn 0 -0.8385469 0.5448296
vn -0.1793313 0.4803126 0.8585687
vn -0.1214354 -0.8999161 -0.4188133
vn -0.09854586 0.1978547 -0.9752652
vn 0.1149347 0.976487 0.1823817
vn 0.07095663 -0.8427204 0.5336548
vn -0.3829299 0.4379263 0.8133789
vn 0 -0.9017262 -0.4323073
vn 0 0.2515372 -0.9678476
vn 0 0.9627308 0.2704619
vn 0.09854586 0.1978547 -0.9752652
vn -0.1149347 0.976487 0.1823817
vn 0.192115 -0.8214709 0.5369148
vn -0.5306724 0.553684 0.6417327
vn 0.1139588 -0.9790874 -0.1685272
vn 0.1214354 -0.8999161 -0.4188133
vn 0.2452513 0.02740613 -0.9690721
vn -0.4729567 0.8776419 0.07782407
vn 0.1214982 -0.8261631 0.5501752
vn -0.4773428 0.5793973 0.660638
vn -0.03900393 -0.8730412 0.4860843
vn -0.6274762 0.5150432 0.5839557
vn 0.3364392 -0.9251468 -0.1758188
vn 0.3697962 -0.81122 -0.4529599
vn 0.2978372 0.3441349 -0.8904292
vn -0.4557455 0.8897918 0.0238051
vn 0.4325438 -0.8795536 -0.19822
vn 0.5618848 -0.6634824 -0.4940411
vn 0.5542573 0.2987209 -0.7768942
vn -0.4066107 0.9035284 0.1352927
vn 0.5918008 -0.6441415 -0.4846168
vn 0.5773011 0.4493036 -0.6817988
vn -0.3674749 0.8818054 0.2956035
vn 0.4291051 -0.879513 -0.2057324
vn 0.6322446 -0.6168323 -0.468812
vn 0.7624028 0.3269838 -0.5584117
vn -0.3013149 0.9286347 0.2164413
vn 0.8772447 0.3023235 -0.3728839
vn -0.3749616 0.9270273 -0.004913626
vn 0.8708921 0.3735534 -0.319382
vn -0.5625562 0.8267589 -0.0001525949
vn 0.7772936 -0.5935069 -0.2087208
vn 0.6810335 -0.625214 -0.3811834
vn 0.5067745 -0.8395885 -0.1956293
vn 0.7594036 0.4844887 -0.4342544
vn -0.7114933 0.6652873 -0.226208
vn 0.4851981 -0.8579319 -0.1689251
vn 0.57363 -0.8083799 -0.1321766
vn 0.8220596 -0.5434822 -0.1698382
vn 0.488427 -0.8608816 -0.1425545
vn 0.6166459 -0.7701283 -0.1632486
vn -0.03274732 -0.8999561 0.4347489
vn 0.8645074 -0.4502446 -0.223398
vn 0.9131647 -0.3306754 -0.2382938
vn 0.9805134 -0.05548348 -0.1884546
vn 0.4640513 0.7554834 -0.4624947
vn -0.85679 0.4232067 -0.2946303
vn 0.5261497 0.837567 -0.1471327
vn -0.8409466 0.5040796 -0.1967549
vn 0.994093 0.08148553 -0.07168896
vn 0.5339921 0.8253272 0.1835417
vn -0.7776217 0.6219448 -0.09213658
vn 0.5159939 0.6857131 0.5133692
vn -0.7715216 0.6310729 0.08063133
vn 0.9857722 0.07861762 0.1485678
vn 0.9883593 -0.09988884 -0.1147516
vn 0.9480902 -0.198896 -0.248124
vn 0.5382063 0.4862626 0.6883913
vn -0.7394442 0.6622922 0.1207941
vn 0.9559038 -0.02664359 0.2924691
vn 0.7352037 -0.6413881 -0.2193098
vn 0.9886653 -0.07623664 0.1293398
vn 0.846031 -0.5016184 -0.1805839
vn 0.6267707 -0.7455816 -0.2264212
vn 0.6737937 -0.7116065 -0.1990435
vn 0.6840314 -0.6601958 -0.3102297
vn 0.761972 -0.6382168 -0.1098995
vn 0.380518 -0.9082931 -0.173809
vn 0.6890958 -0.7217515 -0.06497563
vn 0.7551369 -0.6551864 -0.02234006
vn 0.9438287 -0.168434 0.2842839
vn 0.6543977 -0.7556917 -0.02633827
vn 0.8953651 -0.1950466 0.4003477
vn 0.4647714 -0.8851379 0.02276705
vn 0.8605446 -0.3378454 0.381213
vn 0.483205 -0.871893 -0.07947108
vn 0.7979185 -0.3549051 0.4872048
vn 0.7442187 -0.5041826 0.4381078
vn 0.3868294 -0.9160608 -0.1058097
vn 0.5022548 0.3566781 0.7877315
vn -0.6423722 0.7636257 0.06506734
vn 0.4436253 0.2564214 0.8587459
vn 0.6840962 -0.4859326 0.5439503
vn 0.5719254 -0.5806233 0.5794636
vn 0.6213011 -0.6384527 0.4542719
vn 0.5086571 -0.7434689 0.4341912
vn 0.4095426 -0.8200923 0.3996542
vn 0.3723387 -0.9192492 -0.1278464
vn 0.38723 -0.9151544 -0.1120062
vn 0.3643443 -0.9241367 -0.1149983
vn 0.2342628 -0.9443758 -0.2308142
vn 0.3142574 -0.9444203 -0.09650208
vn 0.1769516 -0.9677098 -0.1795152
vn 0.172526 -0.9536693 -0.2464744
vn 0.1883634 -0.9630886 0.1923003
vn 0.3309196 -0.9429515 0.03653147
vn 0.2839489 -0.9555808 -0.0789832
vn 0.4201308 -0.8855219 0.1983459
vn 0.3181039 -0.9276073 0.1958431
vn 0.1623296 -0.905524 -0.3920143
vn 0.3842358 -0.8132431 -0.4370339
vn 0.6847393 -0.7116576 0.1570847
vn 0.5170291 -0.8293646 0.2117436
vn 0.01446619 -0.9642907 -0.2644505
vn 0.07739764 -0.9430549 -0.3235075
vn 0.6240193 -0.7398689 -0.2513839
vn 0.1313222 -0.8874854 -0.4417285
vn 0.3066915 -0.8840919 -0.352593
vn 0.722725 -0.690985 -0.01443558
vn 0.6003687 -0.7616308 -0.2438769
vn 0.6206664 -0.7620613 0.1844878
vn 0.7147408 -0.6990536 -0.02166898
vn 0.1422196 -0.8155044 0.5610045
vn 0.5120568 -0.7330183 0.4477521
vn 0.1138671 -0.8426955 0.5262116
vn 0.2943274 -0.9234812 0.2460765
vn 0.1589446 -0.9790902 0.1269604
vn 0.1013536 -0.9860388 0.1321168
vn 0.3594557 -0.9325767 0.03305234
vn 0.09262664 -0.7897528 0.6063917
vn 0.1746283 -0.9802015 -0.09332636
vn -0.1424002 -0.9814507 0.1283616
vn 0.03457845 -0.9823576 -0.1837877
vn -0.1685283 -0.9656348 -0.1978575
vn -0.1108159 -0.9172606 -0.3825607
vn -0.1639788 -0.9408716 -0.2964315
vn -0.02435389 -0.8950208 -0.4453589
vn -0.3502738 -0.6689597 -0.6555922
vn 0.1886092 -0.7190346 -0.6688914
vn -0.08820122 -0.6749988 -0.7325279
vn 0.5166931 -0.6788426 -0.5217288
vn 0.7579771 -0.578371 -0.3015917
vn 0.8680499 -0.4962073 -0.01635815
vn 0.6986233 -0.6861103 0.2029246
vn 0.3206078 -0.9248031 0.2048166
vn 0.05807803 -0.7940484 0.6050736
vn -0.1703295 -0.7624082 0.6242769
vn -0.4786576 -0.8436019 0.2433573
vn -0.5993723 -0.766497 -0.2307273
vn -0.5146405 -0.7053226 -0.4875091
vn -0.07928874 0.911851 0.4027916
vn 0.2561791 0.9666076 0.006500613
vn 0.02664328 0.4112771 0.9111209
vn 0.244003 0.9093271 -0.3370263
vn -0.1702372 0.655221 0.7360059
vn 0.2349999 0.800251 -0.5517004
vn -0.3782207 0.8713146 0.3126661
vn 0.06985918 0.7906387 -0.6082845
vn -0.424064 0.8822179 0.2046006
vn -0.2089963 0.8281723 -0.5200492
vn -0.637096 0.7686048 -0.05792614
vn -0.3926282 0.8084815 -0.4384069
vn -0.5736417 0.7624649 -0.2993032
g MaskMesh_0
f 3/3/3 2/2/2 1/1/1
f 4/4/4 3/3/3 1/1/1
f 2/2/2 5/5/5 1/1/1
f 2/2/2 6/6/6 5/5/5
f 7/7/7 4/4/4 1/1/1
f 8/8/8 4/4/4 7/7/7
f 1/1/1 5/5/5 9/9/9
f 7/7/7 1/1/1 9/9/9
f 6/6/6 10/10/10 5/5/5
f 6/6/6 11/11/11 10/10/10
f 5/5/5 12/12/12 9/9/9
f 5/5/5 10/10/10 12/12/12
f 11/11/11 13/13/13 10/10/10
f 10/10/10 14/14/14 12/12/12
f 10/10/10 13/13/13 14/14/14
f 13/13/13 11/11/11 15/15/15
f 11/11/11 16/16/16 15/15/15
f 16/16/16 17/17/17 15/15/15
f 9/9/9 12/12/12 18/18/18
f 19/19/19 7/7/7 9/9/9
f 19/19/19 9/9/9 18/18/18
f 12/12/12 14/14/14 20/20/20
f 12/12/12 20/20/20 18/18/18
f 13/13/13 21/21/21 14/14/14
f 13/13/13 15/15/15 22/22/22
f 21/21/21 13/13/13 22/22/22
f 17/17/17 23/23/23 15/15/15
f 15/15/15 23/23/23 22/22/22
f 14/14/14 24/24/24 20/20/20
f 14/14/14 21/21/21 24/24/24
f 18/18/18 20/20/20 25/25/25
f 20/20/20 24/24/24 25/25/25
f 26/26/26 23/23/23 17/17/17
f 27/27/27 26/26/26 17/17/17
f 27/27/27 28/28/28 26/26/26
f 28/28/28 29/29/29 26/26/26
f 28/28/28 30/30/30 29/29/29
f 26/26/26 31/31/31 23/23/23
f 26/26/26 29/29/29 31/31/31
f 23/23/23 32/32/32 22/22/22
f 31/31/31 32/32/32 23/23/23
f 21/21/21 22/22/22 33/33/33
f 22/22/22 32/32/32 33/33/33
f 21/21/21 34/34/34 24/24/24
f 34/34/34 21/21/21 33/33/33
f 30/30/30 35/35/35 29/29/29
f 30/30/30 36/36/36 35/35/35
f 29/29/29 37/37/37 31/31/31
f 29/29/29 35/35/35 37/37/37
f 32/32/32 31/31/31 38/38/38
f 31/31/31 37/37/37 38/38/38
f 32/32/32 39/39/39 33/33/33
f 39/39/39 32/32/32 38/38/38
f 24/24/24 34/34/34 40/40/40
f 24/24/24 40/40/40 25/25/25
f 25/25/25 40/40/40 41/41/41
f 34/34/34 33/33/33 42/42/42
f 33/33/33 39/39/39 42/42/42
f 34/34/34 43/43/43 40/40/40
f 43/43/43 34/34/34 42/42/42
f 40/40/40 44/44/44 41/41/41
f 40/40/40 43/43/43 44/44/44
f 45/45/45 25/25/25 41/41/41
f 45/45/45 18/18/18 25/25/25
f 46/46/46 18/18/18 45/45/45
f 46/46/46 19/19/19 18/18/18
f 47/47/47 19/19/19 46/46/46
f 47/47/47 7/7/7 19/19/19
f 48/48/48 7/7/7 47/47/47
f 48/48/48 8/8/8 7/7/7
f 8/8/8 48/48/48 49/49/49
f 50/50/50 8/8/8 49/49/49
f 50/50/50 49/49/49 51/51/51
f 52/52/52 50/50/50 51/51/51
f 52/52/52 51/51/51 53/53/53
f 48/48/48 54/54/54 49/49/49
f 49/49/49 54/54/54 51/51/51
f 48/48/48 47/47/47 55/55/55
f 54/54/54 48/48/48 55/55/55
f 55/55/55 47/47/47 56/56/56
f 47/47/47 46/46/46 56/56/56
f 54/54/54 55/55/55 57/57/57
f 56/56/56 46/46/46 58/58/58
f 58/58/58 46/46/46 45/45/45
f 54/54/54 57/57/57 59/59/59
f 59/59/59 57/57/57 60/60/60
f 54/54/54 61/61/61 51/51/51
f 59/59/59 61/61/61 54/54/54
f 51/51/51 62/62/62 53/53/53
f 62/62/62 51/51/51 61/61/61
f 56/56/56 58/58/58 63/63/63
f 64/64/64 56/56/56 63/63/63
f 58/58/58 45/45/45 65/65/65
f 63/63/63 58/58/58 65/65/65
f 65/65/65 45/45/45 41/41/41
f 59/59/59 66/66/66 61/61/61
f 66/66/66 59/59/59 60/60/60
f 53/53/53 62/62/62 67/67/67
f 68/68/68 53/53/53 67/67/67
f 69/69/69 62/62/62 61/61/61
f 66/66/66 69/69/69 61/61/61
f 62/62/62 69/69/69 67/67/67
f 69/69/69 66/66/66 70/70/70
f 60/60/60 70/70/70 66/66/66
f 67/67/67 69/69/69 70/70/70
f 68/68/68 67/67/67 71/71/71
f 70/70/70 71/71/71 67/67/67
f 72/72/72 68/68/68 71/71/71
f 73/73/73 70/70/70 60/60/60
f 71/71/71 70/70/70 73/73/73
f 74/74/74 73/73/73 60/60/60
f 72/72/72 71/71/71 75/75/75
f 75/75/75 71/71/71 73/73/73
f 76/76/76 72/72/72 75/75/75
f 77/77/77 73/73/73 74/74/74
f 75/75/75 73/73/73 77/77/77
f 78/78/78 77/77/77 74/74/74
f 76/76/76 75/75/75 79/79/79
f 79/79/79 75/75/75 77/77/77
f 80/80/80 76/76/76 79/79/79
f 81/81/81 77/77/77 78/78/78
f 79/79/79 77/77/77 81/81/81
f 82/82/82 81/81/81 78/78/78
f 83/83/83 81/81/81 82/82/82
f 84/84/84 83/83/83 82/82/82
f 83/83/83 84/84/84 85/85/85
f 80/80/80 79/79/79 86/86/86
f 86/86/86 79/79/79 81/81/81
f 86/86/86 81/81/81 83/83/83
f 87/87/87 80/80/80 86/86/86
f 87/87/87 86/86/86 88/88/88
f 88/88/88 86/86/86 83/83/83
f 89/89/89 87/87/87 88/88/88
f 90/90/90 89/89/89 88/88/88
f 91/91/91 90/90/90 88/88/88
f 91/91/91 88/88/88 83/83/83
f 92/92/92 90/90/90 91/91/91
f 93/93/93 83/83/83 85/85/85
f 93/93/93 91/91/91 83/83/83
f 93/93/93 85/85/85 94/94/94
f 95/95/95 92/92/92 91/91/91
f 95/95/95 91/91/91 93/93/93
f 96/96/96 92/92/92 95/95/95
f 97/97/97 93/93/93 94/94/94
f 97/97/97 95/95/95 93/93/93
f 97/97/97 94/94/94 98/98/98
f 99/99/99 96/96/96 95/95/95
f 99/99/99 95/95/95 97/97/97
f 100/100/100 96/96/96 99/99/99
f 101/101/101 97/97/97 98/98/98
f 101/101/101 99/99/99 97/97/97
f 101/101/101 98/98/98 102/102/102
f 103/103/103 100/100/100 99/99/99
f 103/103/103 99/99/99 101/101/101
f 104/104/104 100/100/100 103/103/103
f 105/105/105 103/103/103 101/101/101
f 105/105/105 101/101/101 102/102/102
f 106/106/106 104/104/104 103/103/103
f 106/106/106 103/103/103 105/105/105
f 107/107/107 104/104/104 106/106/106
f 108/108/108 105/105/105 102/102/102
f 105/105/105 109/109/109 106/106/106
f 105/105/105 108/108/108 109/109/109
f 110/110/110 107/107/107 106/106/106
f 109/109/109 110/110/110 106/106/106
f 102/102/102 111/111/111 108/108/108
f 102/102/102 112/112/112 111/111/111
f 109/109/109 108/108/108 113/113/113
f 110/110/110 109/109/109 113/113/113
f 108/108/108 111/111/111 113/113/113
f 110/110/110 114/114/114 107/107/107
f 114/114/114 110/110/110 113/113/113
f 114/114/114 115/115/115 107/107/107
f 116/116/116 115/115/115 114/114/114
f 111/111/111 112/112/112 117/117/117
f 117/117/117 113/113/113 111/111/111
f 113/113/113 117/117/117 114/114/114
f 112/112/112 118/118/118 117/117/117
f 119/119/119 116/116/116 114/114/114
f 117/117/117 119/119/119 114/114/114
f 120/120/120 116/116/116 119/119/119
f 117/117/117 121/121/121 119/119/119
f 121/121/121 117/117/117 118/118/118
f 121/121/121 120/120/120 119/119/119
f 122/122/122 121/121/121 118/118/118
f 122/122/122 118/118/118 123/123/123
f 120/120/120 121/121/121 124/124/124
f 124/124/124 121/121/121 122/122/122
f 125/125/125 120/120/120 124/124/124
f 125/125/125 124/124/124 126/126/126
f 127/127/127 125/125/125 126/126/126
f 128/128/128 127/127/127 126/126/126
f 129/129/129 128/128/128 126/126/126
f 130/130/130 128/128/128 129/129/129
f 126/126/126 124/124/124 131/131/131
f 129/129/129 126/126/126 131/131/131
f 124/124/124 122/122/122 132/132/132
f 124/124/124 132/132/132 131/131/131
f 133/133/133 130/130/130 129/129/129
f 134/134/134 130/130/130 133/133/133
f 132/132/132 122/122/122 135/135/135
f 135/135/135 122/122/122 123/123/123
f 136/136/136 129/129/129 131/131/131
f 133/133/133 129/129/129 136/136/136
f 131/131/131 132/132/132 137/137/137
f 132/132/132 135/135/135 137/137/137
f 136/136/136 131/131/131 137/137/137
f 138/138/138 134/134/134 133/133/133
f 139/139/139 133/133/133 136/136/136
f 138/138/138 133/133/133 139/139/139
f 140/140/140 136/136/136 137/137/137
f 139/139/139 136/136/136 140/140/140
f 134/134/134 138/138/138 141/141/141
f 142/142/142 134/134/134 141/141/141
f 143/143/143 142/142/142 141/141/141
f 135/135/135 123/123/123 144/144/144
f 137/137/137 135/135/135 145/145/145
f 135/135/135 144/144/144 145/145/145
f 140/140/140 137/137/137 146/146/146
f 137/137/137 145/145/145 146/146/146
f 146/146/146 145/145/145 147/147/147
f 148/148/148 139/139/139 140/140/140
f 148/148/148 140/140/140 146/146/146
f 149/149/149 138/138/138 139/139/139
f 149/149/149 139/139/139 148/148/148
f 141/141/141 138/138/138 150/150/150
f 138/138/138 149/149/149 150/150/150
f 151/151/151 143/143/143 141/141/141
f 151/151/151 141/141/141 150/150/150
f 144/144/144 123/123/123 152/152/152
f 123/123/123 153/153/153 152/152/152
f 145/145/145 144/144/144 154/154/154
f 144/144/144 152/152/152 154/154/154
f 145/145/145 154/154/154 147/147/147
f 152/152/152 153/153/153 155/155/155
f 153/153/153 156/156/156 155/155/155
f 154/154/154 152/152/152 157/157/157
f 152/152/152 155/155/155 157/157/157
f 155/155/155 156/156/156 158/158/158
f 156/156/156 159/159/159 158/158/158
f 151/151/151 160/160/160 143/143/143
f 160/160/160 161/161/161 143/143/143
f 162/162/162 161/161/161 160/160/160
f 163/163/163 162/162/162 160/160/160
f 164/164/164 162/162/162 163/163/163
f 165/165/165 160/160/160 151/151/151
f 163/163/163 160/160/160 165/165/165
f 166/166/166 164/164/164 163/163/163
f 36/36/36 164/164/164 166/166/166
f 157/157/157 155/155/155 167/167/167
f 155/155/155 158/158/158 167/167/167
f 158/158/158 159/159/159 168/168/168
f 159/159/159 169/169/169 168/168/168
f 170/170/170 165/165/165 151/151/151
f 170/170/170 151/151/151 150/150/150
f 171/171/171 163/163/163 165/165/165
f 166/166/166 163/163/163 171/171/171
f 172/172/172 36/36/36 166/166/166
f 36/36/36 172/172/172 35/35/35
f 167/167/167 158/158/158 173/173/173
f 158/158/158 168/168/168 173/173/173
f 168/168/168 169/169/169 174/174/174
f 169/169/169 175/175/175 174/174/174
f 165/165/165 170/170/170 176/176/176
f 171/171/171 165/165/165 176/176/176
f 177/177/177 166/166/166 171/171/171
f 172/172/172 166/166/166 177/177/177
f 35/35/35 172/172/172 178/178/178
f 35/35/35 178/178/178 37/37/37
f 173/173/173 168/168/168 179/179/179
f 168/168/168 174/174/174 179/179/179
f 174/174/174 175/175/175 180/180/180
f 175/175/175 181/181/181 180/180/180
f 181/181/181 182/182/182 180/180/180
f 174/174/174 180/180/180 183/183/183
f 179/179/179 174/174/174 183/183/183
f 179/179/179 183/183/183 184/184/184
f 182/182/182 185/185/185 180/180/180
f 180/180/180 185/185/185 183/183/183
f 182/182/182 186/186/186 185/185/185
f 173/173/173 179/179/179 187/187/187
f 187/187/187 179/179/179 184/184/184
f 185/185/185 188/188/188 183/183/183
f 183/183/183 188/188/188 184/184/184
f 186/186/186 189/189/189 185/185/185
f 185/185/185 189/189/189 188/188/188
f 186/186/186 190/190/190 189/189/189
f 190/190/190 191/191/191 189/189/189
f 190/190/190 192/192/192 191/191/191
f 189/189/189 193/193/193 188/188/188
f 189/189/189 191/191/191 193/193/193
f 192/192/192 194/194/194 191/191/191
f 192/192/192 64/64/64 194/194/194
f 64/64/64 63/63/63 194/194/194
f 191/191/191 194/194/194 195/195/195
f 191/191/191 195/195/195 193/193/193
f 194/194/194 63/63/63 196/196/196
f 194/194/194 196/196/196 195/195/195
f 63/63/63 65/65/65 196/196/196
f 188/188/188 193/193/193 197/197/197
f 188/188/188 197/197/197 184/184/184
f 193/193/193 195/195/195 198/198/198
f 193/193/193 198/198/198 197/197/197
f 195/195/195 196/196/196 199/199/199
f 195/195/195 199/199/199 198/198/198
f 196/196/196 65/65/65 200/200/200
f 196/196/196 200/200/200 199/199/199
f 65/65/65 41/41/41 200/200/200
f 198/198/198 199/199/199 201/201/201
f 199/199/199 200/200/200 202/202/202
f 199/199/199 202/202/202 201/201/201
f 200/200/200 41/41/41 203/203/203
f 200/200/200 203/203/203 202/202/202
f 197/197/197 198/198/198 204/204/204
f 198/198/198 201/201/201 204/204/204
f 41/41/41 205/205/205 203/203/203
f 41/41/41 44/44/44 205/205/205
f 201/201/201 202/202/202 206/206/206
f 202/202/202 203/203/203 207/207/207
f 202/202/202 207/207/207 206/206/206
f 204/204/204 201/201/201 208/208/208
f 201/201/201 206/206/206 208/208/208
f 203/203/203 205/205/205 209/209/209
f 203/203/203 209/209/209 207/207/207
f 206/206/206 207/207/207 210/210/210
f 206/206/206 210/210/210 211/211/211
f 208/208/208 206/206/206 211/211/211
f 207/207/207 212/212/212 210/210/210
f 207/207/207 209/209/209 212/212/212
f 208/208/208 211/211/211 213/213/213
f 209/209/209 214/214/214 212/212/212
f 215/215/215 208/208/208 213/213/213
f 204/204/204 208/208/208 215/215/215
f 215/215/215 213/213/213 216/216/216
f 209/209/209 217/217/217 214/214/214
f 205/205/205 217/217/217 209/209/209
f 217/217/217 218/218/218 214/214/214
f 219/219/219 204/204/204 215/215/215
f 197/197/197 204/204/204 219/219/219
f 220/220/220 215/215/215 216/216/216
f 219/219/219 215/215/215 220/220/220
f 220/220/220 216/216/216 221/221/221
f 205/205/205 222/222/222 217/217/217
f 44/44/44 222/222/222 205/205/205
f 217/217/217 223/223/223 218/218/218
f 222/222/222 223/223/223 217/217/217
f 223/223/223 224/224/224 218/218/218
f 225/225/225 197/197/197 219/219/219
f 184/184/184 197/197/197 225/225/225
f 226/226/226 220/220/220 221/221/221
f 226/226/226 221/221/221 227/227/227
f 228/228/228 219/219/219 220/220/220
f 225/225/225 219/219/219 228/228/228
f 228/228/228 220/220/220 226/226/226
f 229/229/229 225/225/225 228/228/228
f 44/44/44 230/230/230 222/222/222
f 43/43/43 230/230/230 44/44/44
f 223/223/223 231/231/231 224/224/224
f 231/231/231 232/232/232 224/224/224
f 233/233/233 232/232/232 231/231/231
f 222/222/222 234/234/234 223/223/223
f 234/234/234 231/231/231 223/223/223
f 230/230/230 234/234/234 222/222/222
f 235/235/235 228/228/228 226/226/226
f 229/229/229 228/228/228 235/235/235
f 230/230/230 43/43/43 236/236/236
f 43/43/43 42/42/42 236/236/236
f 237/237/237 233/233/233 231/231/231
f 231/231/231 234/234/234 237/237/237
f 238/238/238 234/234/234 230/230/230
f 236/236/236 238/238/238 230/230/230
f 234/234/234 238/238/238 237/237/237
f 42/42/42 239/239/239 236/236/236
f 39/39/39 239/239/239 42/42/42
f 237/237/237 240/240/240 233/233/233
f 240/240/240 241/241/241 233/233/233
f 241/241/241 240/240/240 227/227/227
f 238/238/238 242/242/242 237/237/237
f 242/242/242 240/240/240 237/237/237
f 236/236/236 243/243/243 238/238/238
f 239/239/239 243/243/243 236/236/236
f 243/243/243 242/242/242 238/238/238
f 240/240/240 244/244/244 227/227/227
f 240/240/240 242/242/242 244/244/244
f 244/244/244 226/226/226 227/227/227
f 235/235/235 226/226/226 244/244/244
f 242/242/242 245/245/245 244/244/244
f 242/242/242 243/243/243 245/245/245
f 245/245/245 235/235/235 244/244/244
f 246/246/246 239/239/239 39/39/39
f 38/38/38 246/246/246 39/39/39
f 247/247/247 243/243/243 239/239/239
f 243/243/243 247/247/247 245/245/245
f 246/246/246 247/247/247 239/239/239
f 248/248/248 235/235/235 245/245/245
f 247/247/247 248/248/248 245/245/245
f 248/248/248 229/229/229 235/235/235
f 38/38/38 249/249/249 246/246/246
f 37/37/37 249/249/249 38/38/38
f 37/37/37 178/178/178 249/249/249
f 246/246/246 250/250/250 247/247/247
f 250/250/250 248/248/248 247/247/247
f 249/249/249 250/250/250 246/246/246
f 178/178/178 251/251/251 249/249/249
f 249/249/249 251/251/251 250/250/250
f 250/250/250 252/252/252 248/248/248
f 252/252/252 229/229/229 248/248/248
f 251/251/251 252/252/252 250/250/250
f 178/178/178 253/253/253 251/251/251
f 172/172/172 253/253/253 178/178/178
f 253/253/253 172/172/172 177/177/177
f 251/251/251 254/254/254 252/252/252
f 253/253/253 254/254/254 251/251/251
f 253/253/253 177/177/177 255/255/255
f 254/254/254 253/253/253 255/255/255
f 254/254/254 256/256/256 252/252/252
f 252/252/252 256/256/256 229/229/229
f 255/255/255 177/177/177 257/257/257
f 177/177/177 171/171/171 257/257/257
f 257/257/257 171/171/171 176/176/176
f 254/254/254 255/255/255 258/258/258
f 256/256/256 254/254/254 258/258/258
f 256/256/256 258/258/258 259/259/259
f 256/256/256 260/260/260 229/229/229
f 260/260/260 256/256/256 259/259/259
f 260/260/260 261/261/261 229/229/229
f 261/261/261 260/260/260 259/259/259
f 261/261/261 225/225/225 229/229/229
f 261/261/261 184/184/184 225/225/225
f 184/184/184 261/261/261 262/262/262
f 262/262/262 261/261/261 259/259/259
f 187/187/187 184/184/184 262/262/262
f 255/255/255 257/257/257 263/263/263
f 258/258/258 255/255/255 263/263/263
f 257/257/257 176/176/176 264/264/264
f 263/263/263 257/257/257 264/264/264
f 258/258/258 263/263/263 265/265/265
f 259/259/259 258/258/258 265/265/265
f 264/264/264 176/176/176 266/266/266
f 170/170/170 266/266/266 176/176/176
f 263/263/263 264/264/264 267/267/267
f 265/265/265 263/263/263 267/267/267
f 266/266/266 170/170/170 268/268/268
f 170/170/170 150/150/150 268/268/268
f 150/150/150 149/149/149 268/268/268
f 269/269/269 264/264/264 266/266/266
f 267/267/267 264/264/264 269/269/269
f 266/266/266 268/268/268 270/270/270
f 269/269/269 266/266/266 270/270/270
f 149/149/149 271/271/271 268/268/268
f 268/268/268 271/271/271 270/270/270
f 271/271/271 149/149/149 148/148/148
f 271/271/271 148/148/148 272/272/272
f 272/272/272 148/148/148 146/146/146
f 272/272/272 146/146/146 147/147/147
f 271/271/271 273/273/273 270/270/270
f 273/273/273 271/271/271 272/272/272
f 269/269/269 270/270/270 274/274/274
f 270/270/270 273/273/273 274/274/274
f 275/275/275 267/267/267 269/269/269
f 275/275/275 269/269/269 274/274/274
f 273/273/273 272/272/272 276/276/276
f 276/276/276 272/272/272 147/147/147
f 273/273/273 277/277/277 274/274/274
f 277/277/277 273/273/273 276/276/276
f 267/267/267 275/275/275 278/278/278
f 265/265/265 267/267/267 278/278/278
f 275/275/275 274/274/274 279/279/279
f 279/279/279 274/274/274 277/277/277
f 280/280/280 265/265/265 278/278/278
f 259/259/259 265/265/265 280/280/280
f 275/275/275 281/281/281 278/278/278
f 281/281/281 275/275/275 279/279/279
f 282/282/282 259/259/259 280/280/280
f 262/262/262 259/259/259 282/282/282
f 280/280/280 278/278/278 283/283/283
f 278/278/278 281/281/281 283/283/283
f 282/282/282 280/280/280 284/284/284
f 284/284/284 280/280/280 283/283/283
f 285/285/285 262/262/262 282/282/282
f 187/187/187 262/262/262 285/285/285
f 286/286/286 282/282/282 284/284/284
f 285/285/285 282/282/282 286/286/286
f 287/287/287 279/279/279 277/277/277
f 281/281/281 279/279/279 288/288/288
f 279/279/279 287/287/287 288/288/288
f 281/281/281 289/289/289 283/283/283
f 289/289/289 281/281/281 288/288/288
f 284/284/284 283/283/283 290/290/290
f 283/283/283 289/289/289 290/290/290
f 291/291/291 284/284/284 290/290/290
f 286/286/286 284/284/284 291/291/291
f 289/289/289 292/292/292 290/290/290
f 292/292/292 289/289/289 293/293/293
f 289/289/289 288/288/288 293/293/293
f 294/294/294 286/286/286 291/291/291
f 293/293/293 288/288/288 295/295/295
f 287/287/287 295/295/295 288/288/288
f 296/296/296 293/293/293 295/295/295
f 296/296/296 295/295/295 297/297/297
f 298/298/298 286/286/286 294/294/294
f 299/299/299 298/298/298 294/294/294
f 298/298/298 285/285/285 286/286/286
f 295/295/295 300/300/300 297/297/297
f 295/295/295 287/287/287 300/300/300
f 297/297/297 300/300/300 301/301/301
f 302/302/302 298/298/298 299/299/299
f 303/303/303 302/302/302 299/299/299
f 304/304/304 285/285/285 298/298/298
f 302/302/302 304/304/304 298/298/298
f 304/304/304 187/187/187 285/285/285
f 287/287/287 305/305/305 300/300/300
f 287/287/287 277/277/277 305/305/305
f 277/277/277 276/276/276 305/305/305
f 300/300/300 306/306/306 301/301/301
f 300/300/300 305/305/305 306/306/306
f 301/301/301 306/306/306 307/307/307
f 305/305/305 276/276/276 308/308/308
f 305/305/305 308/308/308 306/306/306
f 276/276/276 147/147/147 308/308/308
f 306/306/306 309/309/309 307/307/307
f 306/306/306 308/308/308 309/309/309
f 307/307/307 309/309/309 310/310/310
f 311/311/311 187/187/187 304/304/304
f 311/311/311 173/173/173 187/187/187
f 167/167/167 173/173/173 311/311/311
f 308/308/308 147/147/147 312/312/312
f 308/308/308 312/312/312 309/309/309
f 309/309/309 313/313/313 310/310/310
f 309/309/309 312/312/312 313/313/313
f 310/310/310 313/313/313 314/314/314
f 315/315/315 311/311/311 304/304/304
f 315/315/315 304/304/304 302/302/302
f 316/316/316 167/167/167 311/311/311
f 316/316/316 311/311/311 315/315/315
f 157/157/157 167/167/167 316/316/316
f 147/147/147 317/317/317 312/312/312
f 317/317/317 157/157/157 316/316/316
f 147/147/147 154/154/154 317/317/317
f 154/154/154 157/157/157 317/317/317
f 312/312/312 317/317/317 318/318/318
f 317/317/317 316/316/316 318/318/318
f 312/312/312 318/318/318 313/313/313
f 318/318/318 316/316/316 315/315/315
f 313/313/313 319/319/319 314/314/314
f 313/313/313 318/318/318 319/319/319
f 318/318/318 315/315/315 319/319/319
f 319/319/319 315/315/315 302/302/302
f 314/314/314 319/319/319 303/303/303
f 319/319/319 302/302/302 303/303/303
f 322/322/322 321/321/321 320/320/320
f 323/323/323 322/322/322 320/320/320
f 324/324/324 322/322/322 323/323/323
f 320/320/320 321/321/321 325/325/325
f 321/321/321 326/326/326 325/325/325
f 327/327/327 324/324/324 323/323/323
f 328/328/328 324/324/324 327/327/327
f 325/325/325 326/326/326 329/329/329
f 326/326/326 330/330/330 329/329/329
f 331/331/331 328/328/328 327/327/327
f 332/332/332 328/328/328 331/331/331
f 329/329/329 330/330/330 333/333/333
f 330/330/330 334/334/334 333/333/333
f 335/335/335 332/332/332 331/331/331
f 336/336/336 332/332/332 335/335/335
f 333/333/333 334/334/334 337/337/337
f 334/334/334 338/338/338 337/337/337
f 339/339/339 336/336/336 335/335/335
f 340/340/340 336/336/336 339/339/339
f 337/337/337 338/338/338 341/341/341
f 338/338/338 342/342/342 341/341/341
f 341/341/341 342/342/342 343/343/343
f 342/342/342 344/344/344 343/343/343
f 344/344/344 340/340/340 345/345/345
f 345/345/345 340/340/340 339/339/339
f 343/343/343 344/344/344 345/345/345
f 341/341/341 346/346/346 337/337/337
f 341/341/341 343/343/343 346/346/346
f 337/337/337 347/347/347 333/333/333
f 346/346/346 347/347/347 337/337/337
f 345/345/345 348/348/348 343/343/343
f 348/348/348 345/345/345 339/339/339
f 343/343/343 349/349/349 346/346/346
f 348/348/348 349/349/349 343/343/343
f 347/347/347 350/350/350 333/333/333
f 333/333/333 350/350/350 329/329/329
f 346/346/346 351/351/351 347/347/347
f 351/351/351 346/346/346 349/349/349
f 350/350/350 352/352/352 329/329/329
f 329/329/329 352/352/352 325/325/325
f 347/347/347 353/353/353 350/350/350
f 351/351/351 353/353/353 347/347/347
f 352/352/352 354/354/354 325/325/325
f 325/325/325 354/354/354 320/320/320
f 350/350/350 355/355/355 352/352/352
f 353/353/353 355/355/355 350/350/350
f 354/354/354 356/356/356 320/320/320
f 320/320/320 356/356/356 323/323/323
f 352/352/352 357/357/357 354/354/354
f 355/355/355 357/357/357 352/352/352
f 355/355/355 358/358/358 357/357/357
f 353/353/353 359/359/359 355/355/355
f 359/359/359 358/358/358 355/355/355
f 351/351/351 360/360/360 353/353/353
f 360/360/360 359/359/359 353/353/353
f 357/357/357 361/361/361 354/354/354
f 354/354/354 361/361/361 356/356/356
f 356/356/356 362/362/362 323/323/323
f 323/323/323 362/362/362 327/327/327
f 358/358/358 363/363/363 357/357/357
f 357/357/357 363/363/363 361/361/361
f 361/361/361 364/364/364 356/356/356
f 356/356/356 364/364/364 362/362/362
f 362/362/362 365/365/365 327/327/327
f 327/327/327 365/365/365 331/331/331
f 351/351/351 366/366/366 360/360/360
f 366/366/366 351/351/351 349/349/349
f 363/363/363 367/367/367 361/361/361
f 361/361/361 367/367/367 364/364/364
f 364/364/364 368/368/368 362/362/362
f 362/362/362 368/368/368 365/365/365
f 365/365/365 369/369/369 331/331/331
f 331/331/331 369/369/369 335/335/335
f 370/370/370 366/366/366 349/349/349
f 348/348/348 370/370/370 349/349/349
f 367/367/367 371/371/371 364/364/364
f 364/364/364 371/371/371 368/368/368
f 368/368/368 372/372/372 365/365/365
f 365/365/365 372/372/372 369/369/369
f 369/369/369 373/373/373 335/335/335
f 335/335/335 373/373/373 339/339/339
f 374/374/374 348/348/348 339/339/339
f 370/370/370 348/348/348 374/374/374
f 373/373/373 374/374/374 339/339/339
f 369/369/369 375/375/375 373/373/373
f 372/372/372 375/375/375 369/369/369
f 368/368/368 376/376/376 372/372/372
f 371/371/371 376/376/376 368/368/368
f 373/373/373 377/377/377 374/374/374
f 375/375/375 377/377/377 373/373/373
f 375/375/375 378/378/378 377/377/377
f 372/372/372 379/379/379 375/375/375
f 376/376/376 379/379/379 372/372/372
f 379/379/379 378/378/378 375/375/375
f 376/376/376 380/380/380 379/379/379
f 381/381/381 370/370/370 374/374/374
f 377/377/377 381/381/381 374/374/374
f 378/378/378 382/382/382 377/377/377
f 377/377/377 382/382/382 381/381/381
f 383/383/383 370/370/370 381/381/381
f 370/370/370 383/383/383 366/366/366
f 380/380/380 384/384/384 379/379/379
f 379/379/379 384/384/384 378/378/378
f 382/382/382 385/385/385 381/381/381
f 385/385/385 383/383/383 381/381/381
f 383/383/383 386/386/386 366/366/366
f 366/366/366 386/386/386 360/360/360
f 383/383/383 385/385/385 387/387/387
f 383/383/383 387/387/387 386/386/386
f 388/388/388 360/360/360 386/386/386
f 360/360/360 388/388/388 359/359/359
f 387/387/387 389/389/389 386/386/386
f 389/389/389 388/388/388 386/386/386
f 388/388/388 390/390/390 359/359/359
f 359/359/359 390/390/390 358/358/358
f 391/391/391 388/388/388 389/389/389
f 388/388/388 391/391/391 390/390/390
f 382/382/382 392/392/392 385/385/385
f 385/385/385 393/393/393 387/387/387
f 392/392/392 393/393/393 385/385/385
f 387/387/387 394/394/394 389/389/389
f 387/387/387 393/393/393 394/394/394
f 395/395/395 391/391/391 389/389/389
f 394/394/394 395/395/395 389/389/389
f 396/396/396 392/392/392 382/382/382
f 378/378/378 396/396/396 382/382/382
f 391/391/391 397/397/397 390/390/390
f 390/390/390 398/398/398 358/358/358
f 390/390/390 397/397/397 398/398/398
f 399/399/399 391/391/391 395/395/395
f 391/391/391 399/399/399 397/397/397
f 392/392/392 400/400/400 393/393/393
f 393/393/393 401/401/401 394/394/394
f 400/400/400 401/401/401 393/393/393
f 394/394/394 402/402/402 395/395/395
f 402/402/402 394/394/394 401/401/401
f 396/396/396 403/403/403 392/392/392
f 403/403/403 400/400/400 392/392/392
f 404/404/404 399/399/399 395/395/395
f 402/402/402 404/404/404 395/395/395
f 399/399/399 405/405/405 397/397/397
f 397/397/397 406/406/406 398/398/398
f 397/397/397 405/405/405 406/406/406
f 407/407/407 399/399/399 404/404/404
f 399/399/399 407/407/407 405/405/405
f 400/400/400 408/408/408 401/401/401
f 409/409/409 402/402/402 401/401/401
f 408/408/408 409/409/409 401/401/401
f 402/402/402 410/410/410 404/404/404
f 402/402/402 409/409/409 410/410/410
f 403/403/403 411/411/411 400/400/400
f 411/411/411 408/408/408 400/400/400
f 412/412/412 407/407/407 404/404/404
f 410/410/410 412/412/412 404/404/404
f 406/406/406 413/413/413 398/398/398
f 405/405/405 414/414/414 406/406/406
f 406/406/406 414/414/414 413/413/413
f 407/407/407 415/415/415 405/405/405
f 405/405/405 415/415/415 414/414/414
f 416/416/416 407/407/407 412/412/412
f 407/407/407 416/416/416 415/415/415
f 413/413/413 417/417/417 398/398/398
f 398/398/398 417/417/417 358/358/358
f 417/417/417 418/418/418 358/358/358
f 358/358/358 418/418/418 363/363/363
f 418/418/418 419/419/419 363/363/363
f 363/363/363 419/419/419 367/367/367
f 419/419/419 420/420/420 367/367/367
f 367/367/367 420/420/420 371/371/371
f 420/420/420 421/421/421 371/371/371
f 371/371/371 421/421/421 376/376/376
f 421/421/421 422/422/422 376/376/376
f 376/376/376 422/422/422 380/380/380
f 417/417/417 423/423/423 418/418/418
f 418/418/418 424/424/424 419/419/419
f 423/423/423 424/424/424 418/418/418
f 423/423/423 425/425/425 424/424/424
f 426/426/426 423/423/423 417/417/417
f 426/426/426 425/425/425 423/423/423
f 413/413/413 426/426/426 417/417/417
f 419/419/419 427/427/427 420/420/420
f 424/424/424 427/427/427 419/419/419
f 420/420/420 428/428/428 421/421/421
f 427/427/427 428/428/428 420/420/420
f 424/424/424 429/429/429 427/427/427
f 425/425/425 429/429/429 424/424/424
f 421/421/421 430/430/430 422/422/422
f 428/428/428 430/430/430 421/421/421
f 427/427/427 431/431/431 428/428/428
f 429/429/429 431/431/431 427/427/427
f 428/428/428 432/432/432 430/430/430
f 431/431/431 432/432/432 428/428/428
f 429/429/429 433/433/433 431/431/431
f 433/433/433 434/434/434 431/431/431
f 431/431/431 434/434/434 432/432/432
f 435/435/435 433/433/433 429/429/429
f 425/425/425 435/435/435 429/429/429
f 434/434/434 436/436/436 432/432/432
f 437/437/437 435/435/435 425/425/425
f 432/432/432 436/436/436 438/438/438
f 432/432/432 438/438/438 430/430/430
f 436/436/436 439/439/439 438/438/438
f 430/430/430 440/440/440 422/422/422
f 430/430/430 438/438/438 440/440/440
f 438/438/438 439/439/439 441/441/441
f 438/438/438 441/441/441 440/440/440
f 439/439/439 442/442/442 441/441/441
f 443/443/443 437/437/437 425/425/425
f 444/444/444 437/437/437 443/443/443
f 422/422/422 440/440/440 445/445/445
f 422/422/422 445/445/445 380/380/380
f 440/440/440 441/441/441 446/446/446
f 440/440/440 446/446/446 445/445/445
f 441/441/441 442/442/442 447/447/447
f 441/441/441 447/447/447 446/446/446
f 442/442/442 448/448/448 447/447/447
f 447/447/447 448/448/448 449/449/449
f 447/447/447 449/449/449 446/446/446
f 448/448/448 450/450/450 449/449/449
f 446/446/446 451/451/451 445/445/445
f 449/449/449 451/451/451 446/446/446
f 449/449/449 450/450/450 452/452/452
f 449/449/449 452/452/452 451/451/451
f 450/450/450 453/453/453 452/452/452
f 451/451/451 454/454/454 445/445/445
f 445/445/445 454/454/454 380/380/380
f 452/452/452 455/455/455 451/451/451
f 451/451/451 455/455/455 454/454/454
f 452/452/452 453/453/453 456/456/456
f 452/452/452 456/456/456 455/455/455
f 453/453/453 457/457/457 456/456/456
f 456/456/456 457/457/457 458/458/458
f 457/457/457 459/459/459 458/458/458
f 456/456/456 460/460/460 455/455/455
f 456/456/456 458/458/458 460/460/460
f 455/455/455 461/461/461 454/454/454
f 455/455/455 460/460/460 461/461/461
f 454/454/454 462/462/462 380/380/380
f 454/454/454 461/461/461 462/462/462
f 458/458/458 459/459/459 463/463/463
f 459/459/459 464/464/464 463/463/463
f 463/463/463 464/464/464 465/465/465
f 464/464/464 466/466/466 465/465/465
f 458/458/458 467/467/467 460/460/460
f 458/458/458 463/463/463 467/467/467
f 460/460/460 468/468/468 461/461/461
f 460/460/460 467/467/467 468/468/468
f 463/463/463 469/469/469 467/467/467
f 463/463/463 465/465/465 469/469/469
f 380/380/380 462/462/462 470/470/470
f 384/384/384 380/380/380 470/470/470
f 384/384/384 470/470/470 471/471/471
f 465/465/465 466/466/466 472/472/472
f 466/466/466 473/473/473 472/472/472
f 461/461/461 474/474/474 462/462/462
f 461/461/461 468/468/468 474/474/474
f 467/467/467 475/475/475 468/468/468
f 467/467/467 469/469/469 475/475/475
f 476/476/476 384/384/384 471/471/471
f 384/384/384 476/476/476 378/378/378
f 476/476/476 477/477/477 378/378/378
f 477/477/477 476/476/476 471/471/471
f 477/477/477 396/396/396 378/378/378
f 477/477/477 478/478/478 396/396/396
f 478/478/478 403/403/403 396/396/396
f 468/468/468 479/479/479 474/474/474
f 468/468/468 475/475/475 479/479/479
f 480/480/480 477/477/477 471/471/471
f 478/478/478 477/477/477 480/480/480
f 478/478/478 481/481/481 403/403/403
f 481/481/481 411/411/411 403/403/403
f 482/482/482 478/478/478 480/480/480
f 481/481/481 478/478/478 482/482/482
f 481/481/481 483/483/483 411/411/411
f 484/484/484 481/481/481 482/482/482
f 483/483/483 481/481/481 484/484/484
f 483/483/483 485/485/485 411/411/411
f 411/411/411 485/485/485 408/408/408
f 485/485/485 486/486/486 408/408/408
f 408/408/408 486/486/486 409/409/409
f 486/486/486 487/487/487 409/409/409
f 409/409/409 487/487/487 410/410/410
f 410/410/410 487/487/487 488/488/488
f 410/410/410 488/488/488 412/412/412
f 488/488/488 489/489/489 412/412/412
f 489/489/489 416/416/416 412/412/412
f 483/483/483 490/490/490 485/485/485
f 485/485/485 491/491/491 486/486/486
f 490/490/490 491/491/491 485/485/485
f 486/486/486 492/492/492 487/487/487
f 491/491/491 492/492/492 486/486/486
f 487/487/487 493/493/493 488/488/488
f 492/492/492 493/493/493 487/487/487
f 490/490/490 483/483/483 494/494/494
f 494/494/494 483/483/483 484/484/484
f 488/488/488 495/495/495 489/489/489
f 495/495/495 496/496/496 489/489/489
f 489/489/489 496/496/496 416/416/416
f 497/497/497 495/495/495 488/488/488
f 493/493/493 497/497/497 488/488/488
f 498/498/498 497/497/497 493/493/493
f 492/492/492 498/498/498 493/493/493
f 499/499/499 498/498/498 492/492/492
f 491/491/491 499/499/499 492/492/492
f 500/500/500 499/499/499 491/491/491
f 490/490/490 500/500/500 491/491/491
f 496/496/496 501/501/501 416/416/416
f 502/502/502 500/500/500 490/490/490
f 416/416/416 501/501/501 503/503/503
f 416/416/416 503/503/503 415/415/415
f 501/501/501 504/504/504 503/503/503
f 505/505/505 502/502/502 490/490/490
f 506/506/506 502/502/502 505/505/505
f 505/505/505 490/490/490 494/494/494
f 415/415/415 503/503/503 507/507/507
f 415/415/415 507/507/507 414/414/414
f 503/503/503 504/504/504 508/508/508
f 503/503/503 508/508/508 507/507/507
f 504/504/504 509/509/509 508/508/508
f 510/510/510 506/506/506 505/505/505
f 511/511/511 506/506/506 510/510/510
f 505/505/505 494/494/494 512/512/512
f 510/510/510 505/505/505 512/512/512
f 414/414/414 507/507/507 513/513/513
f 414/414/414 513/513/513 413/413/413
f 507/507/507 508/508/508 514/514/514
f 507/507/507 514/514/514 513/513/513
f 508/508/508 509/509/509 515/515/515
f 508/508/508 515/515/515 514/514/514
f 509/509/509 516/516/516 515/515/515
f 515/515/515 516/516/516 517/517/517
f 515/515/515 517/517/517 514/514/514
f 516/516/516 518/518/518 517/517/517
f 519/519/519 511/511/511 510/510/510
f 520/520/520 511/511/511 519/519/519
f 513/513/513 521/521/521 413/413/413
f 521/521/521 426/426/426 413/413/413
f 514/514/514 522/522/522 513/513/513
f 517/517/517 522/522/522 514/514/514
f 522/522/522 521/521/521 513/513/513
f 517/517/517 518/518/518 523/523/523
f 517/517/517 523/523/523 522/522/522
f 518/518/518 524/524/524 523/523/523
f 521/521/521 525/525/525 426/426/426
f 522/522/522 525/525/525 521/521/521
f 426/426/426 525/525/525 425/425/425
f 525/525/525 443/443/443 425/425/425
f 522/522/522 526/526/526 525/525/525
f 523/523/523 526/526/526 522/522/522
f 525/525/525 526/526/526 443/443/443
f 523/523/523 524/524/524 527/527/527
f 524/524/524 528/528/528 527/527/527
f 526/526/526 523/523/523 529/529/529
f 523/523/523 527/527/527 529/529/529
f 526/526/526 530/530/530 443/443/443
f 530/530/530 526/526/526 529/529/529
f 527/527/527 528/528/528 531/531/531
f 528/528/528 532/532/532 531/531/531
f 529/529/529 527/527/527 533/533/533
f 527/527/527 531/531/531 533/533/533
f 530/530/530 529/529/529 533/533/533
f 531/531/531 532/532/532 534/534/534
f 533/533/533 531/531/531 534/534/534
f 532/532/532 535/535/535 534/534/534
f 536/536/536 443/443/443 530/530/530
f 536/536/536 444/444/444 443/443/443
f 537/537/537 444/444/444 536/536/536
f 538/538/538 537/537/537 536/536/536
f 539/539/539 537/537/537 538/538/538
f 540/540/540 536/536/536 530/530/530
f 538/538/538 536/536/536 540/540/540
f 541/541/541 530/530/530 533/533/533
f 530/530/530 541/541/541 540/540/540
f 542/542/542 533/533/533 534/534/534
f 533/533/533 542/542/542 541/541/541
f 534/534/534 535/535/535 543/543/543
f 535/535/535 544/544/544 543/543/543
f 545/545/545 540/540/540 541/541/541
f 538/538/538 540/540/540 545/545/545
f 542/542/542 534/534/534 546/546/546
f 534/534/534 543/543/543 546/546/546
f 542/542/542 547/547/547 541/541/541
f 547/547/547 545/545/545 541/541/541
f 547/547/547 542/542/542 546/546/546
f 548/548/548 545/545/545 547/547/547
f 548/548/548 547/547/547 546/546/546
f 545/545/545 548/548/548 538/538/538
f 549/549/549 539/539/539 538/538/538
f 550/550/550 539/539/539 549/549/549
f 543/543/543 544/544/544 551/551/551
f 544/544/544 552/552/552 551/551/551
f 546/546/546 543/543/543 553/553/553
f 546/546/546 553/553/553 548/548/548
f 543/543/543 551/551/551 553/553/553
f 548/548/548 554/554/554 538/538/538
f 548/548/548 553/553/553 554/554/554
f 554/554/554 549/549/549 538/538/538
f 555/555/555 550/550/550 549/549/549
f 556/556/556 550/550/550 555/555/555
f 551/551/551 552/552/552 557/557/557
f 552/552/552 558/558/558 557/557/557
f 553/553/553 551/551/551 559/559/559
f 553/553/553 559/559/559 554/554/554
f 551/551/551 557/557/557 559/559/559
f 554/554/554 560/560/560 549/549/549
f 554/554/554 559/559/559 560/560/560
f 560/560/560 555/555/555 549/549/549
f 561/561/561 556/556/556 555/555/555
f 562/562/562 556/556/556 561/561/561
f 557/557/557 558/558/558 563/563/563
f 558/558/558 564/564/564 563/563/563
f 559/559/559 557/557/557 565/565/565
f 559/559/559 565/565/565 560/560/560
f 557/557/557 563/563/563 565/565/565
f 560/560/560 566/566/566 555/555/555
f 560/560/560 565/565/565 566/566/566
f 566/566/566 561/561/561 555/555/555
f 566/566/566 567/567/567 561/561/561
f 568/568/568 562/562/562 561/561/561
f 567/567/567 568/568/568 561/561/561
f 569/569/569 562/562/562 568/568/568
f 565/565/565 570/570/570 566/566/566
f 565/565/565 563/563/563 570/570/570
f 566/566/566 570/570/570 567/567/567
f 563/563/563 564/564/564 571/571/571
f 563/563/563 571/571/571 570/570/570
f 564/564/564 572/572/572 571/571/571
f 573/573/573 569/569/569 568/568/568
f 568/568/568 567/567/567 573/573/573
f 574/574/574 569/569/569 573/573/573
f 570/570/570 571/571/571 575/575/575
f 570/570/570 575/575/575 567/567/567
f 571/571/571 572/572/572 576/576/576
f 571/571/571 576/576/576 575/575/575
f 572/572/572 577/577/577 576/576/576
f 576/576/576 577/577/577 578/578/578
f 576/576/576 578/578/578 575/575/575
f 577/577/577 579/579/579 578/578/578
f 580/580/580 574/574/574 573/573/573
f 581/581/581 574/574/574 580/580/580
f 567/567/567 582/582/582 573/573/573
f 573/573/573 582/582/582 580/580/580
f 575/575/575 583/583/583 567/567/567
f 578/578/578 583/583/583 575/575/575
f 583/583/583 582/582/582 567/567/567
f 578/578/578 579/579/579 584/584/584
f 578/578/578 584/584/584 583/583/583
f 579/579/579 585/585/585 584/584/584
f 586/586/586 581/581/581 580/580/580
f 587/587/587 581/581/581 586/586/586
f 588/588/588 587/587/587 586/586/586
f 589/589/589 587/587/587 588/588/588
f 582/582/582 590/590/590 580/580/580
f 580/580/580 590/590/590 586/586/586
f 583/583/583 591/591/591 582/582/582
f 584/584/584 591/591/591 583/583/583
f 591/591/591 590/590/590 582/582/582
f 584/584/584 585/585/585 592/592/592
f 584/584/584 592/592/592 591/591/591
f 585/585/585 593/593/593 592/592/592
f 590/590/590 594/594/594 586/586/586
f 586/586/586 594/594/594 588/588/588
f 591/591/591 595/595/595 590/590/590
f 592/592/592 595/595/595 591/591/591
f 595/595/595 594/594/594 590/590/590
f 592/592/592 593/593/593 596/596/596
f 592/592/592 596/596/596 595/595/595
f 593/593/593 597/597/597 596/596/596
f 595/595/595 598/598/598 594/594/594
f 596/596/596 598/598/598 595/595/595
f 596/596/596 597/597/597 599/599/599
f 596/596/596 599/599/599 598/598/598
f 597/597/597 600/600/600 599/599/599
f 598/598/598 601/601/601 594/594/594
f 594/594/594 601/601/601 588/588/588
f 599/599/599 602/602/602 598/598/598
f 601/601/601 598/598/598 602/602/602
f 599/599/599 600/600/600 603/603/603
f 599/599/599 603/603/603 602/602/602
f 600/600/600 604/604/604 603/603/603
f 603/603/603 604/604/604 605/605/605
f 604/604/604 606/606/606 605/605/605
f 605/605/605 606/606/606 607/607/607
f 606/606/606 608/608/608 607/607/607
f 605/605/605 609/609/609 603/603/603
f 605/605/605 607/607/607 609/609/609
f 603/603/603 610/610/610 602/602/602
f 609/609/609 610/610/610 603/603/603
f 602/602/602 611/611/611 601/601/601
f 610/610/610 611/611/611 602/602/602
f 607/607/607 608/608/608 612/612/612
f 608/608/608 613/613/613 612/612/612
f 611/611/611 614/614/614 601/601/601
f 588/588/588 601/601/601 614/614/614
f 611/611/611 610/610/610 615/615/615
f 614/614/614 611/611/611 615/615/615
f 610/610/610 609/609/609 615/615/615
f 607/607/607 616/616/616 609/609/609
f 607/607/607 612/612/612 616/616/616
f 614/614/614 617/617/617 588/588/588
f 617/617/617 614/614/614 615/615/615
f 618/618/618 615/615/615 609/609/609
f 616/616/616 618/618/618 609/609/609
f 617/617/617 615/615/615 618/618/618
f 617/617/617 619/619/619 588/588/588
f 618/618/618 619/619/619 617/617/617
f 619/619/619 589/589/589 588/588/588
f 473/473/473 589/589/589 619/619/619
f 472/472/472 473/473/473 619/619/619
f 618/618/618 472/472/472 619/619/619
f 620/620/620 618/618/618 616/616/616
f 618/618/618 620/620/620 472/472/472
f 612/612/612 620/620/620 616/616/616
f 620/620/620 621/621/621 472/472/472
f 472/472/472 621/621/621 465/465/465
f 620/620/620 612/612/612 622/622/622
f 620/620/620 622/622/622 621/621/621
f 612/612/612 623/623/623 622/622/622
f 612/612/612 613/613/613 623/623/623
f 613/613/613 624/624/624 623/623/623
f 623/623/623 624/624/624 625/625/625
f 624/624/624 626/626/626 625/625/625
f 623/623/623 625/625/625 627/627/627
f 622/622/622 623/623/623 627/627/627
f 625/625/625 626/626/626 628/628/628
f 625/625/625 628/628/628 627/627/627
f 626/626/626 629/629/629 628/628/628
f 628/628/628 629/629/629 630/630/630
f 629/629/629 631/631/631 630/630/630
f 628/628/628 632/632/632 627/627/627
f 628/628/628 630/630/630 632/632/632
f 622/622/622 627/627/627 633/633/633
f 627/627/627 632/632/632 633/633/633
f 621/621/621 622/622/622 634/634/634
f 634/634/634 622/622/622 633/633/633
f 630/630/630 631/631/631 635/635/635
f 631/631/631 636/636/636 635/635/635
f 630/630/630 637/637/637 632/632/632
f 630/630/630 635/635/635 637/637/637
f 621/621/621 634/634/634 638/638/638
f 621/621/621 638/638/638 465/465/465
f 632/632/632 639/639/639 633/633/633
f 632/632/632 637/637/637 639/639/639
f 634/634/634 633/633/633 640/640/640
f 638/638/638 634/634/634 640/640/640
f 633/633/633 639/639/639 640/640/640
f 465/465/465 638/638/638 641/641/641
f 465/465/465 641/641/641 469/469/469
f 641/641/641 638/638/638 642/642/642
f 638/638/638 640/640/640 642/642/642
f 469/469/469 641/641/641 643/643/643
f 641/641/641 642/642/642 643/643/643
f 643/643/643 642/642/642 644/644/644
f 469/469/469 643/643/643 475/475/475
f 475/475/475 643/643/643 645/645/645
f 643/643/643 644/644/644 645/645/645
f 475/475/475 645/645/645 479/479/479
f 642/642/642 640/640/640 646/646/646
f 642/642/642 646/646/646 644/644/644
f 639/639/639 647/647/647 640/640/640
f 640/640/640 647/647/647 646/646/646
f 639/639/639 648/648/648 647/647/647
f 637/637/637 648/648/648 639/639/639
f 647/647/647 649/649/649 646/646/646
f 648/648/648 649/649/649 647/647/647
f 637/637/637 650/650/650 648/648/648
f 635/635/635 650/650/650 637/637/637
f 646/646/646 651/651/651 644/644/644
f 649/649/649 651/651/651 646/646/646
f 648/648/648 652/652/652 649/649/649
f 650/650/650 652/652/652 648/648/648
f 649/649/649 653/653/653 651/651/651
f 652/652/652 653/653/653 649/649/649
f 650/650/650 635/635/635 654/654/654
f 652/652/652 650/650/650 655/655/655
f 650/650/650 654/654/654 655/655/655
f 653/653/653 652/652/652 656/656/656
f 652/652/652 655/655/655 656/656/656
f 635/635/635 657/657/657 654/654/654
f 635/635/635 636/636/636 657/657/657
f 636/636/636 658/658/658 657/657/657
f 657/657/657 658/658/658 659/659/659
f 657/657/657 659/659/659 654/654/654
f 658/658/658 520/520/520 659/659/659
f 659/659/659 520/520/520 519/519/519
f 654/654/654 660/660/660 655/655/655
f 659/659/659 660/660/660 654/654/654
f 519/519/519 661/661/661 659/659/659
f 661/661/661 660/660/660 659/659/659
f 519/519/519 510/510/510 661/661/661
f 510/510/510 512/512/512 661/661/661
f 660/660/660 662/662/662 655/655/655
f 655/655/655 662/662/662 656/656/656
f 661/661/661 663/663/663 660/660/660
f 661/661/661 512/512/512 663/663/663
f 663/663/663 662/662/662 660/660/660
f 512/512/512 664/664/664 663/663/663
f 512/512/512 494/494/494 664/664/664
f 494/494/494 484/484/484 664/664/664
f 662/662/662 663/663/663 665/665/665
f 663/663/663 664/664/664 665/665/665
f 664/664/664 484/484/484 666/666/666
f 664/664/664 666/666/666 665/665/665
f 484/484/484 482/482/482 666/666/666
f 662/662/662 667/667/667 656/656/656
f 667/667/667 662/662/662 665/665/665
f 665/665/665 666/666/666 668/668/668
f 665/665/665 668/668/668 667/667/667
f 666/666/666 482/482/482 669/669/669
f 666/666/666 669/669/669 668/668/668
f 482/482/482 480/480/480 669/669/669
f 656/656/656 667/667/667 670/670/670
f 653/653/653 656/656/656 670/670/670
f 668/668/668 671/671/671 667/667/667
f 667/667/667 671/671/671 670/670/670
f 668/668/668 669/669/669 672/672/672
f 668/668/668 672/672/672 671/671/671
f 669/669/669 480/480/480 673/673/673
f 669/669/669 673/673/673 672/672/672
f 480/480/480 471/471/471 673/673/673
f 674/674/674 653/653/653 670/670/670
f 653/653/653 674/674/674 651/651/651
f 670/670/670 671/671/671 675/675/675
f 674/674/674 670/670/670 675/675/675
f 672/672/672 676/676/676 671/671/671
f 671/671/671 676/676/676 675/675/675
f 672/672/672 673/673/673 677/677/677
f 676/676/676 672/672/672 677/677/677
f 673/673/673 471/471/471 678/678/678
f 673/673/673 678/678/678 677/677/677
f 651/651/651 674/674/674 679/679/679
f 651/651/651 679/679/679 644/644/644
f 680/680/680 674/674/674 675/675/675
f 674/674/674 680/680/680 679/679/679
f 675/675/675 676/676/676 681/681/681
f 675/675/675 681/681/681 680/680/680
f 682/682/682 676/676/676 677/677/677
f 676/676/676 682/682/682 681/681/681
f 471/471/471 683/683/683 678/678/678
f 471/471/471 470/470/470 683/683/683
f 677/677/677 678/678/678 684/684/684
f 682/682/682 677/677/677 684/684/684
f 678/678/678 683/683/683 685/685/685
f 678/678/678 685/685/685 684/684/684
f 470/470/470 686/686/686 683/683/683
f 470/470/470 462/462/462 686/686/686
f 683/683/683 687/687/687 685/685/685
f 683/683/683 686/686/686 687/687/687
f 462/462/462 688/688/688 686/686/686
f 462/462/462 474/474/474 688/688/688
f 686/686/686 689/689/689 687/687/687
f 686/686/686 688/688/688 689/689/689
f 474/474/474 690/690/690 688/688/688
f 474/474/474 479/479/479 690/690/690
f 688/688/688 691/691/691 689/689/689
f 688/688/688 690/690/690 691/691/691
f 479/479/479 692/692/692 690/690/690
f 479/479/479 645/645/645 692/692/692
f 690/690/690 693/693/693 691/691/691
f 690/690/690 692/692/692 693/693/693
f 645/645/645 694/694/694 692/692/692
f 645/645/645 644/644/644 694/694/694
f 692/692/692 695/695/695 693/693/693
f 692/692/692 694/694/694 695/695/695
f 644/644/644 696/696/696 694/694/694
f 644/644/644 679/679/679 696/696/696
f 694/694/694 697/697/697 695/695/695
f 694/694/694 696/696/696 697/697/697
f 679/679/679 698/698/698 696/696/696
f 679/679/679 680/680/680 698/698/698
f 696/696/696 699/699/699 697/697/697
f 696/696/696 698/698/698 699/699/699
f 680/680/680 700/700/700 698/698/698
f 681/681/681 700/700/700 680/680/680
f 698/698/698 701/701/701 699/699/699
f 698/698/698 700/700/700 701/701/701
f 700/700/700 681/681/681 702/702/702
f 681/681/681 682/682/682 702/702/702
f 700/700/700 703/703/703 701/701/701
f 703/703/703 700/700/700 702/702/702
f 682/682/682 704/704/704 702/702/702
f 704/704/704 682/682/682 684/684/684
f 702/702/702 705/705/705 703/703/703
f 702/702/702 704/704/704 705/705/705
f 704/704/704 684/684/684 706/706/706
f 684/684/684 685/685/685 706/706/706
f 704/704/704 707/707/707 705/705/705
f 707/707/707 704/704/704 706/706/706
f 685/685/685 708/708/708 706/706/706
f 685/685/685 687/687/687 708/708/708
f 687/687/687 709/709/709 708/708/708
f 687/687/687 689/689/689 709/709/709
f 689/689/689 710/710/710 709/709/709
f 689/689/689 691/691/691 710/710/710
f 691/691/691 711/711/711 710/710/710
f 691/691/691 693/693/693 711/711/711
f 693/693/693 712/712/712 711/711/711
f 693/693/693 695/695/695 712/712/712
f 695/695/695 713/713/713 712/712/712
f 695/695/695 697/697/697 713/713/713
f 697/697/697 714/714/714 713/713/713
f 697/697/697 699/699/699 714/714/714
f 699/699/699 715/715/715 714/714/714
f 699/699/699 701/701/701 715/715/715
f 701/701/701 716/716/716 715/715/715
f 701/701/701 703/703/703 716/716/716
f 703/703/703 717/717/717 716/716/716
f 705/705/705 717/717/717 703/703/703
f 711/711/711 718/718/718 710/710/710
f 718/718/718 719/719/719 710/710/710
f 720/720/720 718/718/718 711/711/711
f 710/710/710 719/719/719 709/709/709
f 712/712/712 720/720/720 711/711/711
f 719/719/719 721/721/721 709/709/709
f 722/722/722 720/720/720 712/712/712
f 709/709/709 721/721/721 708/708/708
f 713/713/713 722/722/722 712/712/712
f 721/721/721 723/723/723 708/708/708
f 724/724/724 722/722/722 713/713/713
f 708/708/708 723/723/723 706/706/706
f 714/714/714 724/724/724 713/713/713
f 723/723/723 725/725/725 706/706/706
f 726/726/726 724/724/724 714/714/714
f 706/706/706 725/725/725 707/707/707
f 715/715/715 726/726/726 714/714/714
f 725/725/725 727/727/727 707/707/707
f 728/728/728 726/726/726 715/715/715
f 707/707/707 727/727/727 705/705/705
f 716/716/716 728/728/728 715/715/715
f 727/727/727 729/729/729 705/705/705
f 730/730/730 728/728/728 716/716/716
f 705/705/705 729/729/729 717/717/717
f 717/717/717 730/730/730 716/716/716
f 729/729/729 730/730/730 717/717/717
